Id,lat_y,lon_y
0.0,-8.055605,-34.951728
3.0,-8.055605,-34.951728
8.0,-8.055605,-34.951728
10.0,-8.055605,-34.951728
12.0,-8.055605,-34.951728
14.0,-8.055605,-34.951728
17.0,-8.055605,-34.951728
19.0,-8.055605,-34.951728
23.0,-8.055605,-34.951728
29.0,-8.055605,-34.951728
30.0,-8.055605,-34.951728
31.0,-8.055605,-34.951728
33.0,-8.055605,-34.951728
36.0,-8.055605,-34.951728
37.0,-8.055605,-34.951728
39.0,-8.055605,-34.951728
41.0,-8.055605,-34.951728
46.0,-8.055605,-34.951728
47.0,-8.055605,-34.951728
48.0,-8.055605,-34.951728
50.0,-8.055605,-34.951728
56.0,-8.055605,-34.951728
58.0,-8.055605,-34.951728
59.0,-8.055605,-34.951728
61.0,-8.055605,-34.951728
65.0,-8.055605,-34.951728
68.0,-8.055605,-34.951728
69.0,-8.055605,-34.951728
70.0,-8.055605,-34.951728
73.0,-8.055605,-34.951728
76.0,-8.055605,-34.951728
79.0,-8.055605,-34.951728
80.0,-8.055605,-34.951728
81.0,-8.055605,-34.951728
87.0,-8.055605,-34.951728
88.0,-8.055605,-34.951728
91.0,-8.055605,-34.951728
92.0,-8.055605,-34.951728
93.0,-8.055605,-34.951728
95.0,-8.055605,-34.951728
96.0,-8.055605,-34.951728
99.0,-8.055605,-34.951728
100.0,-8.055605,-34.951728
101.0,-8.055605,-34.951728
102.0,-8.055605,-34.951728
103.0,-8.055605,-34.951728
104.0,-8.055605,-34.951728
106.0,-8.055605,-34.951728
107.0,-8.055605,-34.951728
108.0,-8.055605,-34.951728
111.0,-8.055605,-34.951728
118.0,-8.055605,-34.951728
119.0,-8.055605,-34.951728
122.0,-8.055605,-34.951728
131.0,-8.055605,-34.951728
132.0,-8.055605,-34.951728
135.0,-8.055605,-34.951728
144.0,-8.055605,-34.951728
149.0,-8.055605,-34.951728
151.0,-8.055605,-34.951728
157.0,-8.055605,-34.951728
164.0,-8.055605,-34.951728
167.0,-8.055605,-34.951728
168.0,-8.055605,-34.951728
169.0,-8.055605,-34.951728
172.0,-8.055605,-34.951728
176.0,-8.055605,-34.951728
177.0,-8.055605,-34.951728
179.0,-8.055605,-34.951728
180.0,-8.055605,-34.951728
181.0,-8.055605,-34.951728
185.0,-8.055605,-34.951728
196.0,-8.055605,-34.951728
199.0,-8.055605,-34.951728
209.0,-8.055605,-34.951728
211.0,-8.055605,-34.951728
212.0,-8.055605,-34.951728
214.0,-8.055605,-34.951728
217.0,-8.055605,-34.951728
218.0,-8.055605,-34.951728
221.0,-8.055605,-34.951728
222.0,-8.055605,-34.951728
229.0,-8.055605,-34.951728
230.0,-8.055605,-34.951728
233.0,-8.055605,-34.951728
239.0,-8.055605,-34.951728
245.0,-8.055605,-34.951728
247.0,-8.055605,-34.951728
248.0,-8.055605,-34.951728
251.0,-8.055605,-34.951728
252.0,-8.055605,-34.951728
257.0,-8.055605,-34.951728
263.0,-8.055605,-34.951728
265.0,-8.055605,-34.951728
267.0,-8.055605,-34.951728
274.0,-8.055605,-34.951728
286.0,-8.055605,-34.951728
288.0,-8.055605,-34.951728
291.0,-8.055605,-34.951728
292.0,-8.055605,-34.951728
300.0,-8.055605,-34.951728
304.0,-8.055605,-34.951728
308.0,-8.055605,-34.951728
311.0,-8.055605,-34.951728
315.0,-8.055605,-34.951728
316.0,-8.055605,-34.951728
318.0,-8.055605,-34.951728
319.0,-8.055605,-34.951728
321.0,-8.055605,-34.951728
323.0,-8.055605,-34.951728
328.0,-8.055605,-34.951728
330.0,-8.055605,-34.951728
332.0,-8.055605,-34.951728
333.0,-8.055605,-34.951728
334.0,-8.055605,-34.951728
335.0,-8.055605,-34.951728
337.0,-8.055605,-34.951728
346.0,-8.055605,-34.951728
349.0,-8.055605,-34.951728
350.0,-8.055605,-34.951728
353.0,-8.055605,-34.951728
354.0,-8.055605,-34.951728
360.0,-8.055605,-34.951728
367.0,-8.055605,-34.951728
379.0,-8.055605,-34.951728
381.0,-8.055605,-34.951728
385.0,-8.055605,-34.951728
388.0,-8.055605,-34.951728
393.0,-8.055605,-34.951728
394.0,-8.055605,-34.951728
400.0,-8.055605,-34.951728
401.0,-8.055605,-34.951728
402.0,-8.055605,-34.951728
408.0,-8.055605,-34.951728
409.0,-8.055605,-34.951728
411.0,-8.055605,-34.951728
415.0,-8.055605,-34.951728
416.0,-8.055605,-34.951728
427.0,-8.055605,-34.951728
429.0,-8.055605,-34.951728
433.0,-8.055605,-34.951728
435.0,-8.055605,-34.951728
439.0,-8.055605,-34.951728
445.0,-8.055605,-34.951728
447.0,-8.055605,-34.951728
449.0,-8.055605,-34.951728
453.0,-8.055605,-34.951728
455.0,-8.055605,-34.951728
457.0,-8.055605,-34.951728
461.0,-8.055605,-34.951728
462.0,-8.055605,-34.951728
465.0,-8.055605,-34.951728
468.0,-8.055605,-34.951728
472.0,-8.055605,-34.951728
473.0,-8.055605,-34.951728
474.0,-8.055605,-34.951728
476.0,-8.055605,-34.951728
477.0,-8.055605,-34.951728
483.0,-8.055605,-34.951728
485.0,-8.055605,-34.951728
486.0,-8.055605,-34.951728
487.0,-8.055605,-34.951728
495.0,-8.055605,-34.951728
496.0,-8.055605,-34.951728
500.0,-8.055605,-34.951728
503.0,-8.055605,-34.951728
509.0,-8.055605,-34.951728
510.0,-8.055605,-34.951728
511.0,-8.055605,-34.951728
513.0,-8.055605,-34.951728
518.0,-8.055605,-34.951728
524.0,-8.055605,-34.951728
528.0,-8.055605,-34.951728
530.0,-8.055605,-34.951728
532.0,-8.055605,-34.951728
533.0,-8.055605,-34.951728
538.0,-8.055605,-34.951728
540.0,-8.055605,-34.951728
543.0,-8.055605,-34.951728
544.0,-8.055605,-34.951728
550.0,-8.055605,-34.951728
551.0,-8.055605,-34.951728
554.0,-8.055605,-34.951728
555.0,-8.055605,-34.951728
563.0,-8.055605,-34.951728
564.0,-8.055605,-34.951728
567.0,-8.055605,-34.951728
568.0,-8.055605,-34.951728
576.0,-8.055605,-34.951728
577.0,-8.055605,-34.951728
582.0,-8.055605,-34.951728
586.0,-8.055605,-34.951728
590.0,-8.055605,-34.951728
591.0,-8.055605,-34.951728
592.0,-8.055605,-34.951728
594.0,-8.055605,-34.951728
601.0,-8.055605,-34.951728
603.0,-8.055605,-34.951728
604.0,-8.055605,-34.951728
605.0,-8.055605,-34.951728
611.0,-8.055605,-34.951728
613.0,-8.055605,-34.951728
617.0,-8.055605,-34.951728
618.0,-8.055605,-34.951728
620.0,-8.055605,-34.951728
623.0,-8.055605,-34.951728
624.0,-8.055605,-34.951728
625.0,-8.055605,-34.951728
633.0,-8.055605,-34.951728
637.0,-8.055605,-34.951728
641.0,-8.055605,-34.951728
642.0,-8.055605,-34.951728
647.0,-8.055605,-34.951728
653.0,-8.055605,-34.951728
654.0,-8.055605,-34.951728
655.0,-8.055605,-34.951728
664.0,-8.055605,-34.951728
665.0,-8.055605,-34.951728
668.0,-8.055605,-34.951728
673.0,-8.055605,-34.951728
675.0,-8.055605,-34.951728
676.0,-8.055605,-34.951728
678.0,-8.055605,-34.951728
682.0,-8.055605,-34.951728
683.0,-8.055605,-34.951728
693.0,-8.055605,-34.951728
694.0,-8.055605,-34.951728
696.0,-8.055605,-34.951728
700.0,-8.055605,-34.951728
706.0,-8.055605,-34.951728
708.0,-8.055605,-34.951728
710.0,-8.055605,-34.951728
711.0,-8.055605,-34.951728
712.0,-8.055605,-34.951728
713.0,-8.055605,-34.951728
715.0,-8.055605,-34.951728
718.0,-8.055605,-34.951728
724.0,-8.055605,-34.951728
730.0,-8.055605,-34.951728
733.0,-8.055605,-34.951728
736.0,-8.055605,-34.951728
737.0,-8.055605,-34.951728
738.0,-8.055605,-34.951728
740.0,-8.055605,-34.951728
742.0,-8.055605,-34.951728
743.0,-8.055605,-34.951728
744.0,-8.055605,-34.951728
745.0,-8.055605,-34.951728
747.0,-8.055605,-34.951728
748.0,-8.055605,-34.951728
749.0,-8.055605,-34.951728
751.0,-8.055605,-34.951728
753.0,-8.055605,-34.951728
758.0,-8.055605,-34.951728
759.0,-8.055605,-34.951728
761.0,-8.055605,-34.951728
763.0,-8.055605,-34.951728
764.0,-8.055605,-34.951728
765.0,-8.055605,-34.951728
766.0,-8.055605,-34.951728
773.0,-8.055605,-34.951728
774.0,-8.055605,-34.951728
782.0,-8.055605,-34.951728
786.0,-8.055605,-34.951728
789.0,-8.055605,-34.951728
794.0,-8.055605,-34.951728
795.0,-8.055605,-34.951728
799.0,-8.055605,-34.951728
800.0,-8.05538,-34.951736
809.0,-8.05538,-34.951736
810.0,-8.05538,-34.951736
811.0,-8.05538,-34.951736
815.0,-8.05538,-34.951736
828.0,-8.05538,-34.951736
831.0,-8.05538,-34.951736
833.0,-8.05538,-34.951736
834.0,-8.05538,-34.951736
835.0,-8.05538,-34.951736
837.0,-8.05538,-34.951736
841.0,-8.05538,-34.951736
852.0,-8.05538,-34.951736
856.0,-8.05538,-34.951736
858.0,-8.05538,-34.951736
862.0,-8.05538,-34.951736
866.0,-8.05538,-34.951736
868.0,-8.05538,-34.951736
871.0,-8.05538,-34.951736
872.0,-8.05538,-34.951736
877.0,-8.05538,-34.951736
879.0,-8.05538,-34.951736
881.0,-8.05538,-34.951736
883.0,-8.05538,-34.951736
906.0,-8.05538,-34.951736
908.0,-8.05538,-34.951736
914.0,-8.05538,-34.951736
921.0,-8.05538,-34.951736
927.0,-8.05538,-34.951736
932.0,-8.05538,-34.951736
934.0,-8.05538,-34.951736
940.0,-8.05538,-34.951736
947.0,-8.05538,-34.951736
952.0,-8.05538,-34.951736
957.0,-8.05538,-34.951736
958.0,-8.05538,-34.951736
960.0,-8.05538,-34.951736
964.0,-8.05538,-34.951736
965.0,-8.05538,-34.951736
967.0,-8.05538,-34.951736
970.0,-8.05538,-34.951736
971.0,-8.05538,-34.951736
982.0,-8.05538,-34.951736
994.0,-8.05538,-34.951736
996.0,-8.05538,-34.951736
997.0,-8.05538,-34.951736
1002.0,-8.05538,-34.951736
1005.0,-8.05538,-34.951736
1009.0,-8.05538,-34.951736
1010.0,-8.05538,-34.951736
1017.0,-8.05538,-34.951736
1018.0,-8.05538,-34.951736
1020.0,-8.05538,-34.951736
1022.0,-8.05538,-34.951736
1025.0,-8.05538,-34.951736
1027.0,-8.05538,-34.951736
1034.0,-8.05538,-34.951736
1038.0,-8.05538,-34.951736
1042.0,-8.05538,-34.951736
1044.0,-8.05538,-34.951736
1046.0,-8.05538,-34.951736
1052.0,-8.05538,-34.951736
1053.0,-8.05538,-34.951736
1055.0,-8.05538,-34.951736
1056.0,-8.05538,-34.951736
1057.0,-8.05538,-34.951736
1061.0,-8.05538,-34.951736
1068.0,-8.05538,-34.951736
1071.0,-8.05538,-34.951736
1074.0,-8.05538,-34.951736
1075.0,-8.05538,-34.951736
1076.0,-8.05538,-34.951736
1078.0,-8.05538,-34.951736
1084.0,-8.05538,-34.951736
1087.0,-8.05538,-34.951736
1090.0,-8.05538,-34.951736
1095.0,-8.05538,-34.951736
1101.0,-8.05538,-34.951736
1103.0,-8.05538,-34.951736
1107.0,-8.05538,-34.951736
1108.0,-8.05538,-34.951736
1111.0,-8.05538,-34.951736
1112.0,-8.05538,-34.951736
1115.0,-8.05538,-34.951736
1123.0,-8.05538,-34.951736
1126.0,-8.05538,-34.951736
1127.0,-8.05538,-34.951736
1139.0,-8.05538,-34.951736
1142.0,-8.05538,-34.951736
1144.0,-8.05538,-34.951736
1145.0,-8.05538,-34.951736
1147.0,-8.05538,-34.951736
1149.0,-8.05538,-34.951736
1152.0,-8.05538,-34.951736
1153.0,-8.05538,-34.951736
1155.0,-8.05538,-34.951736
1156.0,-8.05538,-34.951736
1157.0,-8.05538,-34.951736
1162.0,-8.05538,-34.951736
1163.0,-8.05538,-34.951736
1166.0,-8.05538,-34.951736
1168.0,-8.05538,-34.951736
1172.0,-8.05538,-34.951736
1175.0,-8.05538,-34.951736
1176.0,-8.05538,-34.951736
1180.0,-8.05538,-34.951736
1183.0,-8.05538,-34.951736
1188.0,-8.05538,-34.951736
1193.0,-8.05538,-34.951736
1194.0,-8.05538,-34.951736
1195.0,-8.05538,-34.951736
1197.0,-8.05538,-34.951736
1199.0,-8.05538,-34.951736
1201.0,-8.05538,-34.951736
1204.0,-8.05538,-34.951736
1210.0,-8.05538,-34.951736
1217.0,-8.05538,-34.951736
1219.0,-8.05538,-34.951736
1220.0,-8.05538,-34.951736
1222.0,-8.05538,-34.951736
1224.0,-8.05538,-34.951736
1226.0,-8.05538,-34.951736
1233.0,-8.05538,-34.951736
1244.0,-8.05538,-34.951736
1245.0,-8.05538,-34.951736
1247.0,-8.05538,-34.951736
1250.0,-8.05538,-34.951736
1253.0,-8.05538,-34.951736
1254.0,-8.05538,-34.951736
1261.0,-8.05538,-34.951736
1263.0,-8.05538,-34.951736
1277.0,-8.05538,-34.951736
1278.0,-8.05538,-34.951736
1281.0,-8.05538,-34.951736
1282.0,-8.05538,-34.951736
1285.0,-8.05538,-34.951736
1287.0,-8.05538,-34.951736
1295.0,-8.05538,-34.951736
1297.0,-8.05538,-34.951736
1298.0,-8.05538,-34.951736
1310.0,-8.05538,-34.951736
1313.0,-8.05538,-34.951736
1314.0,-8.05538,-34.951736
1315.0,-8.05538,-34.951736
1318.0,-8.05538,-34.951736
1320.0,-8.05538,-34.951736
1322.0,-8.05538,-34.951736
1323.0,-8.05538,-34.951736
1328.0,-8.05538,-34.951736
1329.0,-8.05538,-34.951736
1330.0,-8.05538,-34.951736
1334.0,-8.05538,-34.951736
1339.0,-8.05538,-34.951736
1345.0,-8.05538,-34.951736
1346.0,-8.05538,-34.951736
1349.0,-8.05538,-34.951736
1354.0,-8.05538,-34.951736
1355.0,-8.05538,-34.951736
1359.0,-8.05538,-34.951736
1360.0,-8.05538,-34.951736
1369.0,-8.05538,-34.951736
1372.0,-8.05538,-34.951736
1373.0,-8.05538,-34.951736
1374.0,-8.05538,-34.951736
1379.0,-8.05538,-34.951736
1383.0,-8.05538,-34.951736
1385.0,-8.05538,-34.951736
1393.0,-8.05538,-34.951736
1396.0,-8.05538,-34.951736
1400.0,-8.05538,-34.951736
1402.0,-8.05538,-34.951736
1405.0,-8.05538,-34.951736
1406.0,-8.05538,-34.951736
1413.0,-8.05538,-34.951736
1414.0,-8.05538,-34.951736
1416.0,-8.05538,-34.951736
1417.0,-8.05538,-34.951736
1418.0,-8.05538,-34.951736
1420.0,-8.05538,-34.951736
1421.0,-8.05538,-34.951736
1426.0,-8.05538,-34.951736
1427.0,-8.05538,-34.951736
1429.0,-8.05538,-34.951736
1430.0,-8.05538,-34.951736
1432.0,-8.05538,-34.951736
1437.0,-8.05538,-34.951736
1438.0,-8.05538,-34.951736
1443.0,-8.05538,-34.951736
1446.0,-8.05538,-34.951736
1452.0,-8.05538,-34.951736
1453.0,-8.05538,-34.951736
1456.0,-8.05538,-34.951736
1458.0,-8.05538,-34.951736
1465.0,-8.05538,-34.951736
1467.0,-8.05538,-34.951736
1468.0,-8.05538,-34.951736
1470.0,-8.05538,-34.951736
1472.0,-8.05538,-34.951736
1477.0,-8.05538,-34.951736
1479.0,-8.05538,-34.951736
1480.0,-8.05538,-34.951736
1482.0,-8.05538,-34.951736
1483.0,-8.05538,-34.951736
1488.0,-8.05538,-34.951736
1491.0,-8.05538,-34.951736
1496.0,-8.05538,-34.951736
1501.0,-8.05538,-34.951736
1502.0,-8.05538,-34.951736
1509.0,-8.05538,-34.951736
1512.0,-8.05538,-34.951736
1513.0,-8.05538,-34.951736
1516.0,-8.05538,-34.951736
1527.0,-8.05538,-34.951736
1530.0,-8.05538,-34.951736
1532.0,-8.05538,-34.951736
1533.0,-8.05538,-34.951736
1535.0,-8.05538,-34.951736
1536.0,-8.05538,-34.951736
1543.0,-8.05538,-34.951736
1544.0,-8.05538,-34.951736
1545.0,-8.05538,-34.951736
1550.0,-8.05538,-34.951736
1557.0,-8.05538,-34.951736
1558.0,-8.05538,-34.951736
1559.0,-8.05538,-34.951736
1561.0,-8.05538,-34.951736
1562.0,-8.05538,-34.951736
1568.0,-8.05538,-34.951736
1569.0,-8.05538,-34.951736
1570.0,-8.05538,-34.951736
1575.0,-8.05538,-34.951736
1576.0,-8.05538,-34.951736
1578.0,-8.05538,-34.951736
1586.0,-8.05538,-34.951736
1593.0,-8.05538,-34.951736
1595.0,-8.05538,-34.951736
1597.0,-8.05538,-34.951736
1598.0,-8.05538,-34.951736
1599.0,-8.05538,-34.951736
1603.0,-8.05538,-34.951736
1606.0,-8.055494,-34.951316
1608.0,-8.055494,-34.951316
1614.0,-8.055494,-34.951316
1615.0,-8.055494,-34.951316
1616.0,-8.055494,-34.951316
1617.0,-8.055494,-34.951316
1618.0,-8.055494,-34.951316
1623.0,-8.055494,-34.951316
1626.0,-8.055494,-34.951316
1631.0,-8.055494,-34.951316
1642.0,-8.055494,-34.951316
1643.0,-8.055494,-34.951316
1649.0,-8.055494,-34.951316
1650.0,-8.055494,-34.951316
1656.0,-8.055494,-34.951316
1659.0,-8.055494,-34.951316
1662.0,-8.055494,-34.951316
1665.0,-8.055494,-34.951316
1670.0,-8.055494,-34.951316
1671.0,-8.055494,-34.951316
1672.0,-8.055494,-34.951316
1680.0,-8.055494,-34.951316
1683.0,-8.055494,-34.951316
1684.0,-8.055494,-34.951316
1688.0,-8.055494,-34.951316
1691.0,-8.055494,-34.951316
1699.0,-8.055494,-34.951316
1701.0,-8.055494,-34.951316
1713.0,-8.055494,-34.951316
1718.0,-8.055494,-34.951316
1720.0,-8.055494,-34.951316
1721.0,-8.055494,-34.951316
1726.0,-8.055494,-34.951316
1728.0,-8.055494,-34.951316
1729.0,-8.055494,-34.951316
1730.0,-8.055494,-34.951316
1731.0,-8.055494,-34.951316
1732.0,-8.055494,-34.951316
1737.0,-8.055494,-34.951316
1738.0,-8.055494,-34.951316
1739.0,-8.055494,-34.951316
1740.0,-8.055494,-34.951316
1741.0,-8.055494,-34.951316
1743.0,-8.055494,-34.951316
1744.0,-8.055494,-34.951316
1745.0,-8.055494,-34.951316
1746.0,-8.055494,-34.951316
1747.0,-8.055494,-34.951316
1758.0,-8.055494,-34.951316
1760.0,-8.055494,-34.951316
1765.0,-8.055494,-34.951316
1768.0,-8.055494,-34.951316
1770.0,-8.055494,-34.951316
1775.0,-8.055494,-34.951316
1777.0,-8.055494,-34.951316
1780.0,-8.055494,-34.951316
1783.0,-8.055494,-34.951316
1785.0,-8.055494,-34.951316
1790.0,-8.055494,-34.951316
1791.0,-8.055494,-34.951316
1793.0,-8.055494,-34.951316
1794.0,-8.055494,-34.951316
1803.0,-8.055494,-34.951316
1805.0,-8.055494,-34.951316
1807.0,-8.055494,-34.951316
1817.0,-8.055494,-34.951316
1825.0,-8.055494,-34.951316
1832.0,-8.055494,-34.951316
1833.0,-8.055494,-34.951316
1835.0,-8.055494,-34.951316
1839.0,-8.055494,-34.951316
1840.0,-8.055494,-34.951316
1844.0,-8.055494,-34.951316
1851.0,-8.055494,-34.951316
1860.0,-8.055494,-34.951316
1862.0,-8.055494,-34.951316
1864.0,-8.055494,-34.951316
1877.0,-8.055494,-34.951316
1880.0,-8.055494,-34.951316
1888.0,-8.055494,-34.951316
1891.0,-8.055494,-34.951316
1897.0,-8.055494,-34.951316
1915.0,-8.055494,-34.951316
1918.0,-8.055494,-34.951316
1919.0,-8.055494,-34.951316
1921.0,-8.055494,-34.951316
1922.0,-8.055494,-34.951316
1928.0,-8.055494,-34.951316
1934.0,-8.055494,-34.951316
1937.0,-8.055494,-34.951316
1941.0,-8.055494,-34.951316
1945.0,-8.055494,-34.951316
1952.0,-8.055494,-34.951316
1954.0,-8.055494,-34.951316
1957.0,-8.055494,-34.951316
1962.0,-8.055494,-34.951316
1963.0,-8.055494,-34.951316
1965.0,-8.055494,-34.951316
1971.0,-8.055494,-34.951316
1978.0,-8.055494,-34.951316
1981.0,-8.055494,-34.951316
1982.0,-8.055494,-34.951316
1989.0,-8.055494,-34.951316
1992.0,-8.055494,-34.951316
1995.0,-8.055494,-34.951316
2002.0,-8.055494,-34.951316
2004.0,-8.055494,-34.951316
2006.0,-8.055494,-34.951316
2008.0,-8.055494,-34.951316
2012.0,-8.055494,-34.951316
2013.0,-8.055494,-34.951316
2018.0,-8.055494,-34.951316
2022.0,-8.055494,-34.951316
2025.0,-8.055494,-34.951316
2029.0,-8.055494,-34.951316
2034.0,-8.055494,-34.951316
2036.0,-8.055494,-34.951316
2045.0,-8.055494,-34.951316
2055.0,-8.055494,-34.951316
2057.0,-8.055494,-34.951316
2058.0,-8.055494,-34.951316
2063.0,-8.055494,-34.951316
2067.0,-8.055494,-34.951316
2072.0,-8.055494,-34.951316
2075.0,-8.055494,-34.951316
2083.0,-8.055494,-34.951316
2084.0,-8.055494,-34.951316
2087.0,-8.055494,-34.951316
2088.0,-8.055494,-34.951316
2089.0,-8.055494,-34.951316
2094.0,-8.055494,-34.951316
2098.0,-8.055494,-34.951316
2107.0,-8.055494,-34.951316
2108.0,-8.055494,-34.951316
2109.0,-8.055494,-34.951316
2110.0,-8.055494,-34.951316
2111.0,-8.055494,-34.951316
2114.0,-8.055494,-34.951316
2115.0,-8.055494,-34.951316
2121.0,-8.055494,-34.951316
2122.0,-8.055494,-34.951316
2124.0,-8.055494,-34.951316
2127.0,-8.055494,-34.951316
2128.0,-8.055494,-34.951316
2129.0,-8.055494,-34.951316
2131.0,-8.055494,-34.951316
2132.0,-8.055494,-34.951316
2133.0,-8.055494,-34.951316
2134.0,-8.055494,-34.951316
2138.0,-8.055494,-34.951316
2142.0,-8.055494,-34.951316
2145.0,-8.055494,-34.951316
2149.0,-8.055494,-34.951316
2150.0,-8.055494,-34.951316
2152.0,-8.055494,-34.951316
2154.0,-8.055494,-34.951316
2157.0,-8.055494,-34.951316
2164.0,-8.055494,-34.951316
2165.0,-8.055494,-34.951316
2166.0,-8.055494,-34.951316
2167.0,-8.055494,-34.951316
2168.0,-8.055494,-34.951316
2175.0,-8.055494,-34.951316
2177.0,-8.055494,-34.951316
2183.0,-8.055494,-34.951316
2189.0,-8.055494,-34.951316
2191.0,-8.055494,-34.951316
2199.0,-8.055494,-34.951316
2210.0,-8.055494,-34.951316
2213.0,-8.055494,-34.951316
2214.0,-8.055494,-34.951316
2215.0,-8.055494,-34.951316
2221.0,-8.055494,-34.951316
2223.0,-8.055494,-34.951316
2225.0,-8.055494,-34.951316
2227.0,-8.055494,-34.951316
2228.0,-8.055494,-34.951316
2231.0,-8.055494,-34.951316
2232.0,-8.055494,-34.951316
2233.0,-8.055494,-34.951316
2234.0,-8.055494,-34.951316
2239.0,-8.055494,-34.951316
2245.0,-8.055494,-34.951316
2246.0,-8.055494,-34.951316
2248.0,-8.055494,-34.951316
2249.0,-8.055494,-34.951316
2251.0,-8.055494,-34.951316
2252.0,-8.055494,-34.951316
2254.0,-8.055494,-34.951316
2260.0,-8.055494,-34.951316
2268.0,-8.055494,-34.951316
2270.0,-8.055494,-34.951316
2272.0,-8.055494,-34.951316
2273.0,-8.055494,-34.951316
2275.0,-8.055494,-34.951316
2276.0,-8.055494,-34.951316
2286.0,-8.055494,-34.951316
2287.0,-8.055494,-34.951316
2288.0,-8.055494,-34.951316
2291.0,-8.055494,-34.951316
2299.0,-8.055494,-34.951316
2301.0,-8.055494,-34.951316
2302.0,-8.055494,-34.951316
2303.0,-8.055494,-34.951316
2304.0,-8.055494,-34.951316
2310.0,-8.055494,-34.951316
2312.0,-8.055494,-34.951316
2316.0,-8.055494,-34.951316
2319.0,-8.055494,-34.951316
2321.0,-8.055494,-34.951316
2328.0,-8.055494,-34.951316
2335.0,-8.055494,-34.951316
2337.0,-8.055494,-34.951316
2344.0,-8.055494,-34.951316
2348.0,-8.055494,-34.951316
2351.0,-8.055494,-34.951316
2354.0,-8.055494,-34.951316
2358.0,-8.055494,-34.951316
2362.0,-8.055684,-34.951331
2373.0,-8.055684,-34.951331
2375.0,-8.055684,-34.951331
2377.0,-8.055684,-34.951331
2388.0,-8.055684,-34.951331
2389.0,-8.055684,-34.951331
2392.0,-8.055684,-34.951331
2399.0,-8.055684,-34.951331
2404.0,-8.055684,-34.951331
2407.0,-8.055684,-34.951331
2412.0,-8.055684,-34.951331
2413.0,-8.055684,-34.951331
2417.0,-8.055684,-34.951331
2420.0,-8.055684,-34.951331
2423.0,-8.055684,-34.951331
2436.0,-8.055684,-34.951331
2439.0,-8.055684,-34.951331
2441.0,-8.055684,-34.951331
2446.0,-8.055684,-34.951331
2447.0,-8.055684,-34.951331
2453.0,-8.055684,-34.951331
2455.0,-8.055684,-34.951331
2456.0,-8.055684,-34.951331
2458.0,-8.055684,-34.951331
2464.0,-8.055684,-34.951331
2465.0,-8.055684,-34.951331
2470.0,-8.055684,-34.951331
2471.0,-8.055684,-34.951331
2473.0,-8.055684,-34.951331
2478.0,-8.055684,-34.951331
2483.0,-8.055684,-34.951331
2484.0,-8.055684,-34.951331
2485.0,-8.055684,-34.951331
2492.0,-8.055684,-34.951331
2498.0,-8.055684,-34.951331
2510.0,-8.055684,-34.951331
2513.0,-8.055684,-34.951331
2515.0,-8.055684,-34.951331
2516.0,-8.055684,-34.951331
2517.0,-8.055684,-34.951331
2519.0,-8.055684,-34.951331
2522.0,-8.055684,-34.951331
2523.0,-8.055684,-34.951331
2526.0,-8.055684,-34.951331
2531.0,-8.055684,-34.951331
2533.0,-8.055684,-34.951331
2534.0,-8.055684,-34.951331
2540.0,-8.055684,-34.951331
2542.0,-8.055684,-34.951331
2543.0,-8.055684,-34.951331
2554.0,-8.055684,-34.951331
2569.0,-8.055684,-34.951331
2571.0,-8.055684,-34.951331
2574.0,-8.055684,-34.951331
2576.0,-8.055684,-34.951331
2586.0,-8.055684,-34.951331
2588.0,-8.055684,-34.951331
2592.0,-8.055684,-34.951331
2602.0,-8.055684,-34.951331
2603.0,-8.055684,-34.951331
2605.0,-8.055684,-34.951331
2609.0,-8.055684,-34.951331
2611.0,-8.055684,-34.951331
2614.0,-8.055684,-34.951331
2615.0,-8.055684,-34.951331
2619.0,-8.055684,-34.951331
2620.0,-8.055684,-34.951331
2627.0,-8.055684,-34.951331
2628.0,-8.055684,-34.951331
2638.0,-8.055684,-34.951331
2648.0,-8.055684,-34.951331
2650.0,-8.055684,-34.951331
2651.0,-8.055684,-34.951331
2663.0,-8.055684,-34.951331
2664.0,-8.055684,-34.951331
2673.0,-8.055684,-34.951331
2678.0,-8.055684,-34.951331
2680.0,-8.055684,-34.951331
2682.0,-8.055684,-34.951331
2683.0,-8.055684,-34.951331
2684.0,-8.055684,-34.951331
2685.0,-8.055684,-34.951331
2688.0,-8.055684,-34.951331
2689.0,-8.055684,-34.951331
2691.0,-8.055684,-34.951331
2692.0,-8.055684,-34.951331
2697.0,-8.055684,-34.951331
2698.0,-8.055684,-34.951331
2701.0,-8.055684,-34.951331
2707.0,-8.055684,-34.951331
2715.0,-8.055684,-34.951331
2718.0,-8.055684,-34.951331
2724.0,-8.055684,-34.951331
2726.0,-8.055684,-34.951331
2729.0,-8.055684,-34.951331
2737.0,-8.055684,-34.951331
2742.0,-8.055684,-34.951331
2748.0,-8.055684,-34.951331
2750.0,-8.055684,-34.951331
2751.0,-8.055684,-34.951331
2753.0,-8.055684,-34.951331
2754.0,-8.055684,-34.951331
2755.0,-8.055684,-34.951331
2758.0,-8.055684,-34.951331
2759.0,-8.055684,-34.951331
2760.0,-8.055684,-34.951331
2762.0,-8.055684,-34.951331
2766.0,-8.055684,-34.951331
2769.0,-8.055684,-34.951331
2770.0,-8.055684,-34.951331
2771.0,-8.055684,-34.951331
2777.0,-8.055684,-34.951331
2794.0,-8.055684,-34.951331
2802.0,-8.055684,-34.951331
2807.0,-8.055684,-34.951331
2816.0,-8.055684,-34.951331
2818.0,-8.055684,-34.951331
2820.0,-8.055684,-34.951331
2825.0,-8.055684,-34.951331
2826.0,-8.055684,-34.951331
2833.0,-8.055684,-34.951331
2835.0,-8.055684,-34.951331
2840.0,-8.055684,-34.951331
2846.0,-8.055684,-34.951331
2848.0,-8.055684,-34.951331
2855.0,-8.055684,-34.951331
2858.0,-8.055684,-34.951331
2859.0,-8.055684,-34.951331
2862.0,-8.055684,-34.951331
2864.0,-8.055684,-34.951331
2865.0,-8.055684,-34.951331
2867.0,-8.055684,-34.951331
2868.0,-8.055684,-34.951331
2870.0,-8.055684,-34.951331
2874.0,-8.055684,-34.951331
2876.0,-8.055684,-34.951331
2880.0,-8.055684,-34.951331
2882.0,-8.055684,-34.951331
2883.0,-8.055684,-34.951331
2884.0,-8.055684,-34.951331
2885.0,-8.055684,-34.951331
2886.0,-8.055684,-34.951331
2894.0,-8.055684,-34.951331
2903.0,-8.055684,-34.951331
2905.0,-8.055684,-34.951331
2906.0,-8.055684,-34.951331
2907.0,-8.055684,-34.951331
2908.0,-8.055684,-34.951331
2910.0,-8.055684,-34.951331
2913.0,-8.055684,-34.951331
2922.0,-8.055684,-34.951331
2926.0,-8.055684,-34.951331
2927.0,-8.055684,-34.951331
2930.0,-8.055684,-34.951331
2932.0,-8.055684,-34.951331
2935.0,-8.055684,-34.951331
2943.0,-8.055684,-34.951331
2945.0,-8.055684,-34.951331
2948.0,-8.055684,-34.951331
2954.0,-8.055684,-34.951331
2955.0,-8.055684,-34.951331
2956.0,-8.055684,-34.951331
2957.0,-8.055684,-34.951331
2960.0,-8.055684,-34.951331
2963.0,-8.055684,-34.951331
2968.0,-8.055684,-34.951331
2970.0,-8.055684,-34.951331
2973.0,-8.055684,-34.951331
2982.0,-8.055684,-34.951331
2991.0,-8.055684,-34.951331
2995.0,-8.055684,-34.951331
2997.0,-8.055684,-34.951331
3000.0,-8.055684,-34.951331
3001.0,-8.055684,-34.951331
3002.0,-8.055684,-34.951331
3006.0,-8.055684,-34.951331
3007.0,-8.055684,-34.951331
3011.0,-8.055684,-34.951331
3014.0,-8.055684,-34.951331
3016.0,-8.055684,-34.951331
3017.0,-8.055684,-34.951331
3018.0,-8.055684,-34.951331
3019.0,-8.055684,-34.951331
3021.0,-8.055684,-34.951331
3023.0,-8.055684,-34.951331
3024.0,-8.055684,-34.951331
3025.0,-8.055833999999999,-34.951362
3026.0,-8.055833999999999,-34.951362
3027.0,-8.055833999999999,-34.951362
3031.0,-8.055833999999999,-34.951362
3032.0,-8.055833999999999,-34.951362
3033.0,-8.055833999999999,-34.951362
3035.0,-8.055833999999999,-34.951362
3037.0,-8.055833999999999,-34.951362
3038.0,-8.055833999999999,-34.951362
3043.0,-8.055833999999999,-34.951362
3044.0,-8.055833999999999,-34.951362
3045.0,-8.055833999999999,-34.951362
3047.0,-8.055833999999999,-34.951362
3050.0,-8.055833999999999,-34.951362
3053.0,-8.055833999999999,-34.951362
3055.0,-8.055833999999999,-34.951362
3057.0,-8.055833999999999,-34.951362
3058.0,-8.055833999999999,-34.951362
3059.0,-8.055833999999999,-34.951362
3060.0,-8.055833999999999,-34.951362
3063.0,-8.055833999999999,-34.951362
3064.0,-8.055833999999999,-34.951362
3065.0,-8.055833999999999,-34.951362
3070.0,-8.055833999999999,-34.951362
3071.0,-8.055833999999999,-34.951362
3077.0,-8.055833999999999,-34.951362
3078.0,-8.055833999999999,-34.951362
3079.0,-8.055833999999999,-34.951362
3080.0,-8.055833999999999,-34.951362
3082.0,-8.055833999999999,-34.951362
3085.0,-8.055833999999999,-34.951362
3090.0,-8.055833999999999,-34.951362
3091.0,-8.055833999999999,-34.951362
3094.0,-8.055833999999999,-34.951362
3095.0,-8.055833999999999,-34.951362
3100.0,-8.055833999999999,-34.951362
3101.0,-8.055833999999999,-34.951362
3105.0,-8.055833999999999,-34.951362
3107.0,-8.055833999999999,-34.951362
3111.0,-8.055833999999999,-34.951362
3114.0,-8.055833999999999,-34.951362
3118.0,-8.055833999999999,-34.951362
3122.0,-8.055833999999999,-34.951362
3123.0,-8.055833999999999,-34.951362
3125.0,-8.055833999999999,-34.951362
3127.0,-8.055833999999999,-34.951362
3128.0,-8.055833999999999,-34.951362
3130.0,-8.055833999999999,-34.951362
3131.0,-8.055833999999999,-34.951362
3133.0,-8.055833999999999,-34.951362
3142.0,-8.055833999999999,-34.951362
3143.0,-8.055833999999999,-34.951362
3145.0,-8.055833999999999,-34.951362
3146.0,-8.055833999999999,-34.951362
3149.0,-8.055833999999999,-34.951362
3151.0,-8.055833999999999,-34.951362
3153.0,-8.055833999999999,-34.951362
3154.0,-8.055833999999999,-34.951362
3165.0,-8.055833999999999,-34.951362
3172.0,-8.055833999999999,-34.951362
3181.0,-8.055833999999999,-34.951362
3184.0,-8.055833999999999,-34.951362
3185.0,-8.055833999999999,-34.951362
3187.0,-8.055833999999999,-34.951362
3194.0,-8.055833999999999,-34.951362
3202.0,-8.055833999999999,-34.951362
3204.0,-8.055833999999999,-34.951362
3205.0,-8.055833999999999,-34.951362
3206.0,-8.055833999999999,-34.951362
3207.0,-8.055833999999999,-34.951362
3208.0,-8.055833999999999,-34.951362
3209.0,-8.055833999999999,-34.951362
3210.0,-8.055833999999999,-34.951362
3231.0,-8.055833999999999,-34.951362
3233.0,-8.055833999999999,-34.951362
3238.0,-8.055833999999999,-34.951362
3244.0,-8.055833999999999,-34.951362
3245.0,-8.055833999999999,-34.951362
3251.0,-8.055833999999999,-34.951362
3257.0,-8.055833999999999,-34.951362
3263.0,-8.055833999999999,-34.951362
3265.0,-8.055833999999999,-34.951362
3269.0,-8.055833999999999,-34.951362
3279.0,-8.055833999999999,-34.951362
3281.0,-8.055833999999999,-34.951362
3282.0,-8.055833999999999,-34.951362
3283.0,-8.055833999999999,-34.951362
3284.0,-8.055833999999999,-34.951362
3290.0,-8.055833999999999,-34.951362
3295.0,-8.055833999999999,-34.951362
3297.0,-8.055833999999999,-34.951362
3298.0,-8.055833999999999,-34.951362
3299.0,-8.055833999999999,-34.951362
3305.0,-8.055833999999999,-34.951362
3307.0,-8.055833999999999,-34.951362
3309.0,-8.055833999999999,-34.951362
3312.0,-8.055833999999999,-34.951362
3314.0,-8.055833999999999,-34.951362
3316.0,-8.055833999999999,-34.951362
3319.0,-8.055833999999999,-34.951362
3320.0,-8.055833999999999,-34.951362
3325.0,-8.055833999999999,-34.951362
3328.0,-8.055833999999999,-34.951362
3329.0,-8.055833999999999,-34.951362
3333.0,-8.055833999999999,-34.951362
3334.0,-8.055615333333334,-34.95158266666667
3337.0,-8.055833999999999,-34.951362
3344.0,-8.055833999999999,-34.951362
3350.0,-8.055833999999999,-34.951362
3353.0,-8.055833999999999,-34.951362
3355.0,-8.055833999999999,-34.951362
3375.0,-8.055833999999999,-34.951362
3378.0,-8.055833999999999,-34.951362
3379.0,-8.055833999999999,-34.951362
3381.0,-8.055833999999999,-34.951362
3383.0,-8.055833999999999,-34.951362
3387.0,-8.055833999999999,-34.951362
3392.0,-8.055833999999999,-34.951362
3393.0,-8.055833999999999,-34.951362
3396.0,-8.055833999999999,-34.951362
3400.0,-8.055833999999999,-34.951362
3401.0,-8.055833999999999,-34.951362
3405.0,-8.055833999999999,-34.951362
3410.0,-8.055833999999999,-34.951362
3412.0,-8.055833999999999,-34.951362
3413.0,-8.055833999999999,-34.951362
3418.0,-8.055833999999999,-34.951362
3422.0,-8.055833999999999,-34.951362
3424.0,-8.055833999999999,-34.951362
3428.0,-8.055833999999999,-34.951362
3433.0,-8.055833999999999,-34.951362
3434.0,-8.055833999999999,-34.951362
3437.0,-8.055833999999999,-34.951362
3438.0,-8.055833999999999,-34.951362
3443.0,-8.055833999999999,-34.951362
3448.0,-8.055833999999999,-34.951362
3455.0,-8.055833999999999,-34.951362
3457.0,-8.055833999999999,-34.951362
3458.0,-8.055833999999999,-34.951362
3459.0,-8.055833999999999,-34.951362
3460.0,-8.055833999999999,-34.951362
3463.0,-8.055833999999999,-34.951362
3464.0,-8.055833999999999,-34.951362
3465.0,-8.055833999999999,-34.951362
3467.0,-8.055833999999999,-34.951362
3469.0,-8.055833999999999,-34.951362
3470.0,-8.055833999999999,-34.951362
3473.0,-8.055833999999999,-34.951362
3481.0,-8.055833999999999,-34.951362
3482.0,-8.055833999999999,-34.951362
3495.0,-8.055833999999999,-34.951362
3497.0,-8.055833999999999,-34.951362
3501.0,-8.055833999999999,-34.951362
3502.0,-8.055833999999999,-34.951362
3509.0,-8.055833999999999,-34.951362
3518.0,-8.055833999999999,-34.951362
3526.0,-8.055833999999999,-34.951362
3527.0,-8.055833999999999,-34.951362
3528.0,-8.055833999999999,-34.951362
3529.0,-8.055833999999999,-34.951362
3532.0,-8.055833999999999,-34.951362
3533.0,-8.055833999999999,-34.951362
3534.0,-8.055833999999999,-34.951362
3535.0,-8.055833999999999,-34.951362
3538.0,-8.055833999999999,-34.951362
3541.0,-8.055833999999999,-34.951362
3542.0,-8.055833999999999,-34.951362
3543.0,-8.055833999999999,-34.951362
3548.0,-8.055833999999999,-34.951362
3550.0,-8.055833999999999,-34.951362
3555.0,-8.055833999999999,-34.951362
3566.0,-8.055833999999999,-34.951362
3570.0,-8.055833999999999,-34.951362
3574.0,-8.055833999999999,-34.951362
3577.0,-8.055833999999999,-34.951362
3578.0,-8.055833999999999,-34.951362
3582.0,-8.055833999999999,-34.951362
3592.0,-8.055833999999999,-34.951362
3593.0,-8.055833999999999,-34.951362
3597.0,-8.055833999999999,-34.951362
3601.0,-8.055833999999999,-34.951362
3605.0,-8.055833999999999,-34.951362
3608.0,-8.055833999999999,-34.951362
3609.0,-8.055833999999999,-34.951362
3614.0,-8.055833999999999,-34.951362
3615.0,-8.055833999999999,-34.951362
3617.0,-8.055833999999999,-34.951362
3621.0,-8.055833999999999,-34.951362
3624.0,-8.055833999999999,-34.951362
3625.0,-8.055833999999999,-34.951362
3639.0,-8.055833999999999,-34.951362
3643.0,-8.055833999999999,-34.951362
3647.0,-8.055424,-34.951597
3649.0,-8.055424,-34.951597
3651.0,-8.055424,-34.951597
3653.0,-8.055424,-34.951597
3656.0,-8.055424,-34.951597
3661.0,-8.055424,-34.951597
3662.0,-8.055424,-34.951597
3666.0,-8.055424,-34.951597
3677.0,-8.055424,-34.951597
3685.0,-8.055424,-34.951597
3686.0,-8.055424,-34.951597
3688.0,-8.055424,-34.951597
3689.0,-8.055424,-34.951597
3692.0,-8.055424,-34.951597
3693.0,-8.055424,-34.951597
3698.0,-8.055424,-34.951597
3703.0,-8.055424,-34.951597
3704.0,-8.055424,-34.951597
3706.0,-8.055424,-34.951597
3707.0,-8.055424,-34.951597
3708.0,-8.055424,-34.951597
3710.0,-8.055424,-34.951597
3717.0,-8.055424,-34.951597
3720.0,-8.055424,-34.951597
3721.0,-8.055424,-34.951597
3723.0,-8.055424,-34.951597
3739.0,-8.055424,-34.951597
3742.0,-8.055424,-34.951597
3745.0,-8.055424,-34.951597
3746.0,-8.055424,-34.951597
3749.0,-8.055424,-34.951597
3753.0,-8.055424,-34.951597
3755.0,-8.055424,-34.951597
3767.0,-8.055424,-34.951597
3768.0,-8.055424,-34.951597
3771.0,-8.055424,-34.951597
3772.0,-8.055424,-34.951597
3773.0,-8.055424,-34.951597
3774.0,-8.055424,-34.951597
3776.0,-8.055424,-34.951597
3777.0,-8.055424,-34.951597
3780.0,-8.055424,-34.951597
3781.0,-8.055424,-34.951597
3782.0,-8.055424,-34.951597
3784.0,-8.055424,-34.951597
3787.0,-8.055424,-34.951597
3794.0,-8.055424,-34.951597
3799.0,-8.055424,-34.951597
3803.0,-8.055424,-34.951597
3817.0,-8.055424,-34.951597
3819.0,-8.055424,-34.951597
3820.0,-8.055424,-34.951597
3826.0,-8.055424,-34.951597
3827.0,-8.055424,-34.951597
3834.0,-8.055424,-34.951597
3837.0,-8.055424,-34.951597
3838.0,-8.055424,-34.951597
3842.0,-8.055424,-34.951597
3846.0,-8.055424,-34.951597
3852.0,-8.055424,-34.951597
3853.0,-8.055424,-34.951597
3855.0,-8.055424,-34.951597
3857.0,-8.055424,-34.951597
3859.0,-8.055424,-34.951597
3860.0,-8.055424,-34.951597
3862.0,-8.055424,-34.951597
3869.0,-8.055424,-34.951597
3880.0,-8.055424,-34.951597
3885.0,-8.055424,-34.951597
3887.0,-8.055424,-34.951597
3889.0,-8.055424,-34.951597
3891.0,-8.055424,-34.951597
3894.0,-8.055424,-34.951597
3898.0,-8.055424,-34.951597
3902.0,-8.055424,-34.951597
3903.0,-8.055424,-34.951597
3905.0,-8.055424,-34.951597
3909.0,-8.055424,-34.951597
3910.0,-8.055424,-34.951597
3914.0,-8.055424,-34.951597
3934.0,-8.055424,-34.951597
3937.0,-8.055424,-34.951597
3941.0,-8.055424,-34.951597
3942.0,-8.055424,-34.951597
3945.0,-8.055424,-34.951597
3946.0,-8.055424,-34.951597
3949.0,-8.055424,-34.951597
3956.0,-8.055424,-34.951597
3960.0,-8.055424,-34.951597
3963.0,-8.055424,-34.951597
3964.0,-8.055424,-34.951597
3971.0,-8.055424,-34.951597
3973.0,-8.055424,-34.951597
3979.0,-8.055424,-34.951597
3984.0,-8.055424,-34.951597
3989.0,-8.055424,-34.951597
3992.0,-8.055424,-34.951597
3994.0,-8.055424,-34.951597
3995.0,-8.055424,-34.951597
3997.0,-8.055424,-34.951597
3999.0,-8.055424,-34.951597
4001.0,-8.055424,-34.951597
4002.0,-8.055424,-34.951597
4003.0,-8.055424,-34.951597
4004.0,-8.055424,-34.951597
4007.0,-8.055424,-34.951597
4010.0,-8.055424,-34.951597
4012.0,-8.055424,-34.951597
4022.0,-8.055424,-34.951597
4028.0,-8.055424,-34.951597
4029.0,-8.055424,-34.951597
4030.0,-8.055424,-34.951597
4032.0,-8.055424,-34.951597
4035.0,-8.055424,-34.951597
4038.0,-8.055424,-34.951597
4043.0,-8.055424,-34.951597
4046.0,-8.055424,-34.951597
4047.0,-8.055424,-34.951597
4050.0,-8.055424,-34.951597
4056.0,-8.055424,-34.951597
4057.0,-8.055424,-34.951597
4058.0,-8.055424,-34.951597
4060.0,-8.055424,-34.951597
4062.0,-8.055424,-34.951597
4064.0,-8.055424,-34.951597
4067.0,-8.055424,-34.951597
4075.0,-8.055424,-34.951597
4076.0,-8.055424,-34.951597
4077.0,-8.055424,-34.951597
4078.0,-8.055424,-34.951597
4080.0,-8.055424,-34.951597
4085.0,-8.055424,-34.951597
4087.0,-8.055424,-34.951597
4091.0,-8.055424,-34.951597
4092.0,-8.055424,-34.951597
4099.0,-8.055424,-34.951597
4100.0,-8.055424,-34.951597
4102.0,-8.055424,-34.951597
4103.0,-8.055424,-34.951597
4110.0,-8.055424,-34.951597
4112.0,-8.055424,-34.951597
4113.0,-8.055424,-34.951597
4115.0,-8.055424,-34.951597
4119.0,-8.055424,-34.951597
4121.0,-8.055424,-34.951597
4127.0,-8.055424,-34.951597
4129.0,-8.055424,-34.951597
4140.0,-8.055424,-34.951597
4141.0,-8.055424,-34.951597
4148.0,-8.055424,-34.951597
4151.0,-8.055424,-34.951597
4156.0,-8.055424,-34.951597
4157.0,-8.055424,-34.951597
4161.0,-8.055424,-34.951597
4162.0,-8.055424,-34.951597
4165.0,-8.055424,-34.951597
4169.0,-8.055424,-34.951597
4176.0,-8.055424,-34.951597
4185.0,-8.055424,-34.951597
4189.0,-8.055424,-34.951597
4190.0,-8.055424,-34.951597
4191.0,-8.055424,-34.951597
4192.0,-8.055424,-34.951597
4194.0,-8.055424,-34.951597
4196.0,-8.055424,-34.951597
4201.0,-8.055424,-34.951597
4202.0,-8.055424,-34.951597
4205.0,-8.055424,-34.951597
4209.0,-8.055424,-34.951597
4215.0,-8.055424,-34.951597
4217.0,-8.055424,-34.951597
4220.0,-8.055424,-34.951597
4222.0,-8.055424,-34.951597
4226.0,-8.055424,-34.951597
4229.0,-8.055424,-34.951597
4230.0,-8.055424,-34.951597
4233.0,-8.055424,-34.951597
4237.0,-8.055424,-34.951597
4238.0,-8.055424,-34.951597
4239.0,-8.055424,-34.951597
4245.0,-8.055424,-34.951597
4246.0,-8.055424,-34.951597
4248.0,-8.055424,-34.951597
4250.0,-8.055424,-34.951597
4252.0,-8.055424,-34.951597
4254.0,-8.055424,-34.951597
4264.0,-8.055424,-34.951597
4267.0,-8.055424,-34.951597
4273.0,-8.055424,-34.951597
4275.0,-8.055424,-34.951597
4279.0,-8.055424,-34.951597
4284.0,-8.055424,-34.951597
4288.0,-8.055424,-34.951597
4295.0,-8.055424,-34.951597
4296.0,-8.055424,-34.951597
4301.0,-8.055424,-34.951597
4303.0,-8.055424,-34.951597
4304.0,-8.055424,-34.951597
4306.0,-8.055424,-34.951597
4313.0,-8.055424,-34.951597
4317.0,-8.055424,-34.951597
4319.0,-8.055424,-34.951597
4321.0,-8.055424,-34.951597
4323.0,-8.055424,-34.951597
4326.0,-8.055424,-34.951597
4329.0,-8.055424,-34.951597
4333.0,-8.055424,-34.951597
4335.0,-8.055424,-34.951597
4336.0,-8.055424,-34.951597
4337.0,-8.055424,-34.951597
4338.0,-8.055424,-34.951597
4339.0,-8.055424,-34.951597
4341.0,-8.055424,-34.951597
4342.0,-8.055424,-34.951597
4343.0,-8.055424,-34.951597
4345.0,-8.055424,-34.951597
4348.0,-8.055424,-34.951597
4352.0,-8.055424,-34.951597
4353.0,-8.055424,-34.951597
4355.0,-8.055424,-34.951597
4359.0,-8.055424,-34.951597
4362.0,-8.055424,-34.951597
4366.0,-8.055424,-34.951597
4367.0,-8.055424,-34.951597
4368.0,-8.055424,-34.951597
4371.0,-8.055424,-34.951597
4372.0,-8.055424,-34.951597
4374.0,-8.055424,-34.951597
4377.0,-8.055506,-34.951693
4382.0,-8.055506,-34.951693
4385.0,-8.055506,-34.951693
4386.0,-8.055506,-34.951693
4387.0,-8.055506,-34.951693
4392.0,-8.055506,-34.951693
4393.0,-8.055506,-34.951693
4394.0,-8.055506,-34.951693
4397.0,-8.055506,-34.951693
4401.0,-8.055506,-34.951693
4407.0,-8.055506,-34.951693
4411.0,-8.055506,-34.951693
4412.0,-8.055506,-34.951693
4414.0,-8.055506,-34.951693
4415.0,-8.055506,-34.951693
4420.0,-8.055506,-34.951693
4423.0,-8.055506,-34.951693
4427.0,-8.055506,-34.951693
4428.0,-8.055506,-34.951693
4429.0,-8.055506,-34.951693
4436.0,-8.055506,-34.951693
4441.0,-8.055506,-34.951693
4447.0,-8.055506,-34.951693
4450.0,-8.055506,-34.951693
4463.0,-8.055506,-34.951693
4464.0,-8.055506,-34.951693
4466.0,-8.055506,-34.951693
4467.0,-8.055506,-34.951693
4469.0,-8.055506,-34.951693
4472.0,-8.055506,-34.951693
4474.0,-8.055506,-34.951693
4475.0,-8.055506,-34.951693
4483.0,-8.055506,-34.951693
4484.0,-8.055506,-34.951693
4489.0,-8.055506,-34.951693
4503.0,-8.055506,-34.951693
4504.0,-8.055506,-34.951693
4509.0,-8.055506,-34.951693
4513.0,-8.055506,-34.951693
4514.0,-8.055506,-34.951693
4518.0,-8.055506,-34.951693
4522.0,-8.055506,-34.951693
4525.0,-8.055506,-34.951693
4527.0,-8.055506,-34.951693
4528.0,-8.055506,-34.951693
4532.0,-8.055506,-34.951693
4533.0,-8.055506,-34.951693
4534.0,-8.055506,-34.951693
4535.0,-8.055506,-34.951693
4537.0,-8.055506,-34.951693
4539.0,-8.055506,-34.951693
4541.0,-8.055506,-34.951693
4549.0,-8.055506,-34.951693
4553.0,-8.055506,-34.951693
4554.0,-8.055506,-34.951693
4556.0,-8.055506,-34.951693
4560.0,-8.055506,-34.951693
4567.0,-8.055506,-34.951693
4572.0,-8.055506,-34.951693
4574.0,-8.055506,-34.951693
4575.0,-8.055506,-34.951693
4580.0,-8.055506,-34.951693
4582.0,-8.055506,-34.951693
4584.0,-8.055506,-34.951693
4586.0,-8.055506,-34.951693
4587.0,-8.055506,-34.951693
4588.0,-8.055506,-34.951693
4593.0,-8.055506,-34.951693
4597.0,-8.055506,-34.951693
4602.0,-8.055506,-34.951693
4604.0,-8.055506,-34.951693
4606.0,-8.055506,-34.951693
4608.0,-8.055506,-34.951693
4609.0,-8.055506,-34.951693
4610.0,-8.055506,-34.951693
4613.0,-8.055506,-34.951693
4617.0,-8.055506,-34.951693
4618.0,-8.055506,-34.951693
4622.0,-8.055506,-34.951693
4623.0,-8.055506,-34.951693
4626.0,-8.055506,-34.951693
4629.0,-8.055506,-34.951693
4630.0,-8.055506,-34.951693
4634.0,-8.055506,-34.951693
4635.0,-8.055506,-34.951693
4638.0,-8.055506,-34.951693
4639.0,-8.055506,-34.951693
4640.0,-8.055506,-34.951693
4645.0,-8.055506,-34.951693
4649.0,-8.055506,-34.951693
4651.0,-8.055506,-34.951693
4657.0,-8.055506,-34.951693
4671.0,-8.055506,-34.951693
4680.0,-8.055506,-34.951693
4681.0,-8.055506,-34.951693
4682.0,-8.055506,-34.951693
4693.0,-8.055506,-34.951693
4695.0,-8.055506,-34.951693
4696.0,-8.055506,-34.951693
4700.0,-8.055506,-34.951693
4701.0,-8.055506,-34.951693
4704.0,-8.055506,-34.951693
4706.0,-8.055506,-34.951693
4707.0,-8.055506,-34.951693
4708.0,-8.055506,-34.951693
4709.0,-8.055506,-34.951693
4710.0,-8.055506,-34.951693
4715.0,-8.055506,-34.951693
4730.0,-8.055506,-34.951693
4731.0,-8.055506,-34.951693
4734.0,-8.055506,-34.951693
4738.0,-8.055506,-34.951693
4740.0,-8.055615333333334,-34.95158266666667
4747.0,-8.055506,-34.951693
4750.0,-8.055506,-34.951693
4751.0,-8.055506,-34.951693
4755.0,-8.055506,-34.951693
4756.0,-8.055506,-34.951693
4759.0,-8.055506,-34.951693
4765.0,-8.055506,-34.951693
4766.0,-8.055506,-34.951693
4770.0,-8.055506,-34.951693
4773.0,-8.055506,-34.951693
4775.0,-8.055506,-34.951693
4779.0,-8.055506,-34.951693
4782.0,-8.055506,-34.951693
4786.0,-8.055506,-34.951693
4793.0,-8.055506,-34.951693
4794.0,-8.055506,-34.951693
4797.0,-8.055506,-34.951693
4801.0,-8.055506,-34.951693
4802.0,-8.055506,-34.951693
4803.0,-8.055506,-34.951693
4807.0,-8.055506,-34.951693
4812.0,-8.055506,-34.951693
4813.0,-8.055506,-34.951693
4816.0,-8.055506,-34.951693
4822.0,-8.055506,-34.951693
4826.0,-8.055506,-34.951693
4827.0,-8.055506,-34.951693
4828.0,-8.055506,-34.951693
4830.0,-8.055506,-34.951693
4833.0,-8.055506,-34.951693
4834.0,-8.055506,-34.951693
4836.0,-8.055506,-34.951693
4838.0,-8.055506,-34.951693
4842.0,-8.055506,-34.951693
4843.0,-8.055506,-34.951693
4844.0,-8.055506,-34.951693
4845.0,-8.055506,-34.951693
4848.0,-8.055506,-34.951693
4861.0,-8.055506,-34.951693
4864.0,-8.055506,-34.951693
4867.0,-8.055506,-34.951693
4868.0,-8.055506,-34.951693
4872.0,-8.055506,-34.951693
4880.0,-8.055506,-34.951693
4881.0,-8.055506,-34.951693
4890.0,-8.055506,-34.951693
4894.0,-8.055506,-34.951693
4898.0,-8.055506,-34.951693
4899.0,-8.055506,-34.951693
4900.0,-8.055506,-34.951693
4901.0,-8.055506,-34.951693
4902.0,-8.055506,-34.951693
4905.0,-8.055506,-34.951693
4907.0,-8.055506,-34.951693
4908.0,-8.055506,-34.951693
4913.0,-8.055506,-34.951693
4914.0,-8.055506,-34.951693
4921.0,-8.055506,-34.951693
4923.0,-8.055506,-34.951693
4924.0,-8.055506,-34.951693
4925.0,-8.055506,-34.951693
4929.0,-8.055506,-34.951693
4932.0,-8.055506,-34.951693
4934.0,-8.055506,-34.951693
4949.0,-8.055506,-34.951693
4950.0,-8.055506,-34.951693
4952.0,-8.055506,-34.951693
4961.0,-8.055506,-34.951693
4963.0,-8.055506,-34.951693
4977.0,-8.055506,-34.951693
4981.0,-8.055506,-34.951693
4982.0,-8.055506,-34.951693
4983.0,-8.055506,-34.951693
4988.0,-8.055506,-34.951693
4989.0,-8.055506,-34.951693
4993.0,-8.055506,-34.951693
4995.0,-8.055506,-34.951693
4996.0,-8.055506,-34.951693
5011.0,-8.055506,-34.951693
5012.0,-8.055506,-34.951693
5013.0,-8.055506,-34.951693
5015.0,-8.055506,-34.951693
5019.0,-8.055506,-34.951693
5021.0,-8.055506,-34.951693
5022.0,-8.055506,-34.951693
5023.0,-8.055506,-34.951693
5026.0,-8.055506,-34.951693
5027.0,-8.055506,-34.951693
5028.0,-8.055506,-34.951693
5030.0,-8.055506,-34.951693
5032.0,-8.055506,-34.951693
5033.0,-8.055506,-34.951693
5034.0,-8.055506,-34.951693
5035.0,-8.055506,-34.951693
5040.0,-8.055506,-34.951693
5048.0,-8.055506,-34.951693
5053.0,-8.055506,-34.951693
5058.0,-8.055506,-34.951693
5060.0,-8.055506,-34.951693
5064.0,-8.055506,-34.951693
5065.0,-8.055506,-34.951693
5067.0,-8.055506,-34.951693
5071.0,-8.055784,-34.951608
5074.0,-8.055784,-34.951608
5076.0,-8.055784,-34.951608
5082.0,-8.055784,-34.951608
5092.0,-8.055784,-34.951608
5095.0,-8.055784,-34.951608
5096.0,-8.055784,-34.951608
5098.0,-8.055784,-34.951608
5111.0,-8.055784,-34.951608
5112.0,-8.055784,-34.951608
5114.0,-8.055784,-34.951608
5120.0,-8.055784,-34.951608
5135.0,-8.055784,-34.951608
5137.0,-8.055784,-34.951608
5140.0,-8.055784,-34.951608
5143.0,-8.055784,-34.951608
5144.0,-8.055784,-34.951608
5145.0,-8.055784,-34.951608
5146.0,-8.055784,-34.951608
5152.0,-8.055784,-34.951608
5155.0,-8.055784,-34.951608
5156.0,-8.055784,-34.951608
5157.0,-8.055784,-34.951608
5162.0,-8.055784,-34.951608
5164.0,-8.055784,-34.951608
5167.0,-8.055784,-34.951608
5171.0,-8.055784,-34.951608
5180.0,-8.055784,-34.951608
5183.0,-8.055784,-34.951608
5186.0,-8.055784,-34.951608
5192.0,-8.055784,-34.951608
5193.0,-8.055784,-34.951608
5197.0,-8.055784,-34.951608
5205.0,-8.055784,-34.951608
5206.0,-8.055784,-34.951608
5211.0,-8.055784,-34.951608
5213.0,-8.055784,-34.951608
5214.0,-8.055784,-34.951608
5215.0,-8.055784,-34.951608
5216.0,-8.055784,-34.951608
5217.0,-8.055784,-34.951608
5221.0,-8.055784,-34.951608
5224.0,-8.055784,-34.951608
5226.0,-8.055784,-34.951608
5228.0,-8.055784,-34.951608
5229.0,-8.055784,-34.951608
5234.0,-8.055784,-34.951608
5244.0,-8.055784,-34.951608
5245.0,-8.055784,-34.951608
5246.0,-8.055784,-34.951608
5247.0,-8.055784,-34.951608
5254.0,-8.055784,-34.951608
5257.0,-8.055784,-34.951608
5262.0,-8.055784,-34.951608
5264.0,-8.055784,-34.951608
5266.0,-8.055784,-34.951608
5271.0,-8.055784,-34.951608
5274.0,-8.055784,-34.951608
5277.0,-8.055784,-34.951608
5278.0,-8.055784,-34.951608
5281.0,-8.055784,-34.951608
5282.0,-8.055784,-34.951608
5283.0,-8.055784,-34.951608
5284.0,-8.055784,-34.951608
5288.0,-8.055784,-34.951608
5289.0,-8.055784,-34.951608
5290.0,-8.055784,-34.951608
5292.0,-8.055784,-34.951608
5296.0,-8.055784,-34.951608
5300.0,-8.055784,-34.951608
5303.0,-8.055784,-34.951608
5306.0,-8.055784,-34.951608
5307.0,-8.055784,-34.951608
5308.0,-8.055784,-34.951608
5312.0,-8.055784,-34.951608
5314.0,-8.055784,-34.951608
5318.0,-8.055784,-34.951608
5321.0,-8.055784,-34.951608
5323.0,-8.055784,-34.951608
5324.0,-8.055784,-34.951608
5328.0,-8.055784,-34.951608
5336.0,-8.055784,-34.951608
5338.0,-8.055784,-34.951608
5339.0,-8.055784,-34.951608
5340.0,-8.055784,-34.951608
5349.0,-8.055784,-34.951608
5350.0,-8.055784,-34.951608
5353.0,-8.055784,-34.951608
5354.0,-8.055784,-34.951608
5357.0,-8.055784,-34.951608
5358.0,-8.055784,-34.951608
5360.0,-8.055784,-34.951608
5361.0,-8.055784,-34.951608
5362.0,-8.055784,-34.951608
5364.0,-8.055784,-34.951608
5365.0,-8.055784,-34.951608
5368.0,-8.055784,-34.951608
5371.0,-8.055784,-34.951608
5375.0,-8.055784,-34.951608
5377.0,-8.055784,-34.951608
5378.0,-8.055784,-34.951608
5379.0,-8.055784,-34.951608
5381.0,-8.055784,-34.951608
5384.0,-8.055784,-34.951608
5386.0,-8.055784,-34.951608
5388.0,-8.055784,-34.951608
5389.0,-8.055784,-34.951608
5391.0,-8.055784,-34.951608
5396.0,-8.055784,-34.951608
5399.0,-8.055784,-34.951608
5400.0,-8.055784,-34.951608
5402.0,-8.055784,-34.951608
5404.0,-8.055784,-34.951608
5405.0,-8.055784,-34.951608
5407.0,-8.055784,-34.951608
5414.0,-8.055784,-34.951608
5417.0,-8.055784,-34.951608
5418.0,-8.055784,-34.951608
5419.0,-8.055784,-34.951608
5425.0,-8.055784,-34.951608
5426.0,-8.055784,-34.951608
5427.0,-8.055784,-34.951608
5430.0,-8.055784,-34.951608
5431.0,-8.055784,-34.951608
5434.0,-8.055784,-34.951608
5436.0,-8.055784,-34.951608
5437.0,-8.055784,-34.951608
5447.0,-8.055784,-34.951608
5457.0,-8.055784,-34.951608
5458.0,-8.055784,-34.951608
5459.0,-8.055784,-34.951608
5460.0,-8.055784,-34.951608
5464.0,-8.055784,-34.951608
5465.0,-8.055784,-34.951608
5471.0,-8.055784,-34.951608
5473.0,-8.055784,-34.951608
5478.0,-8.055784,-34.951608
5479.0,-8.055784,-34.951608
5484.0,-8.055784,-34.951608
5487.0,-8.055784,-34.951608
5489.0,-8.055784,-34.951608
5492.0,-8.055784,-34.951608
5493.0,-8.055784,-34.951608
5496.0,-8.055784,-34.951608
5500.0,-8.055784,-34.951608
5502.0,-8.055784,-34.951608
5506.0,-8.055784,-34.951608
5508.0,-8.055784,-34.951608
5529.0,-8.055784,-34.951608
5531.0,-8.055784,-34.951608
5537.0,-8.055784,-34.951608
5538.0,-8.055784,-34.951608
5544.0,-8.055784,-34.951608
5547.0,-8.055784,-34.951608
5551.0,-8.055784,-34.951608
5556.0,-8.055784,-34.951608
5558.0,-8.055784,-34.951608
5559.0,-8.055784,-34.951608
5564.0,-8.055784,-34.951608
5566.0,-8.055784,-34.951608
5573.0,-8.055784,-34.951608
5576.0,-8.055784,-34.951608
5579.0,-8.055784,-34.951608
5580.0,-8.055784,-34.951608
5581.0,-8.055784,-34.951608
5583.0,-8.055784,-34.951608
5587.0,-8.055784,-34.951608
5609.0,-8.055784,-34.951608
5610.0,-8.055784,-34.951608
5612.0,-8.055784,-34.951608
5613.0,-8.055784,-34.951608
5614.0,-8.055784,-34.951608
5615.0,-8.055784,-34.951608
5616.0,-8.055784,-34.951608
5623.0,-8.055784,-34.951608
5628.0,-8.055784,-34.951608
5634.0,-8.055784,-34.951608
5635.0,-8.055784,-34.951608
5640.0,-8.055784,-34.951608
5641.0,-8.055784,-34.951608
5642.0,-8.055784,-34.951608
5646.0,-8.055784,-34.951608
5649.0,-8.055784,-34.951608
5651.0,-8.055784,-34.951608
5652.0,-8.055784,-34.951608
5662.0,-8.055784,-34.951608
5663.0,-8.055784,-34.951608
5664.0,-8.055784,-34.951608
5666.0,-8.055784,-34.951608
5676.0,-8.055784,-34.951608
5679.0,-8.055784,-34.951608
5694.0,-8.055784,-34.951608
5700.0,-8.055784,-34.951608
5708.0,-8.055784,-34.951608
5711.0,-8.055784,-34.951608
5714.0,-8.055784,-34.951608
5722.0,-8.055784,-34.951608
5727.0,-8.055784,-34.951608
5728.0,-8.055784,-34.951608
5730.0,-8.055784,-34.951608
5731.0,-8.055784,-34.951608
5733.0,-8.055784,-34.951608
5735.0,-8.055784,-34.951608
5736.0,-8.055784,-34.951608
5737.0,-8.055784,-34.951608
5739.0,-8.055784,-34.951608
5746.0,-8.055784,-34.951608
5754.0,-8.055784,-34.951608
5758.0,-8.055784,-34.951608
5763.0,-8.055784,-34.951608
5768.0,-8.055784,-34.951608
5769.0,-8.055784,-34.951608
5770.0,-8.055784,-34.951608
5780.0,-8.055784,-34.951608
5786.0,-8.055784,-34.951608
5787.0,-8.055784,-34.951608
5792.0,-8.055784,-34.951608
5794.0,-8.055784,-34.951608
5798.0,-8.055784,-34.951608
5807.0,-8.055784,-34.951608
5815.0,-8.055784,-34.951608
5816.0,-8.055784,-34.951608
5819.0,-8.055784,-34.951608
5821.0,-8.055784,-34.951608
5822.0,-8.055784,-34.951608
5828.0,-8.055784,-34.951608
5829.0,-8.055784,-34.951608
5830.0,-8.055784,-34.951608
5837.0,-8.055784,-34.951608
5838.0,-8.055784,-34.951608
5843.0,-8.055784,-34.951608
5847.0,-8.055786,-34.951505
5848.0,-8.055786,-34.951505
5852.0,-8.055786,-34.951505
5853.0,-8.055786,-34.951505
5856.0,-8.055786,-34.951505
5857.0,-8.055786,-34.951505
5858.0,-8.055786,-34.951505
5862.0,-8.055786,-34.951505
5863.0,-8.055786,-34.951505
5866.0,-8.055786,-34.951505
5868.0,-8.055786,-34.951505
5872.0,-8.055786,-34.951505
5873.0,-8.055786,-34.951505
5874.0,-8.055786,-34.951505
5876.0,-8.055786,-34.951505
5884.0,-8.055786,-34.951505
5885.0,-8.055786,-34.951505
5894.0,-8.055786,-34.951505
5898.0,-8.055786,-34.951505
5899.0,-8.055786,-34.951505
5900.0,-8.055786,-34.951505
5903.0,-8.055786,-34.951505
5908.0,-8.055786,-34.951505
5912.0,-8.055786,-34.951505
5927.0,-8.055786,-34.951505
5930.0,-8.055786,-34.951505
5931.0,-8.055786,-34.951505
5933.0,-8.055786,-34.951505
5936.0,-8.055786,-34.951505
5937.0,-8.055786,-34.951505
5938.0,-8.055786,-34.951505
5939.0,-8.055786,-34.951505
5945.0,-8.055786,-34.951505
5952.0,-8.055786,-34.951505
5953.0,-8.055786,-34.951505
5957.0,-8.055786,-34.951505
5960.0,-8.055786,-34.951505
5961.0,-8.055786,-34.951505
5963.0,-8.055786,-34.951505
5965.0,-8.055786,-34.951505
5969.0,-8.055786,-34.951505
5972.0,-8.055786,-34.951505
5974.0,-8.055786,-34.951505
5979.0,-8.055786,-34.951505
5981.0,-8.055786,-34.951505
5982.0,-8.055786,-34.951505
5991.0,-8.055786,-34.951505
5992.0,-8.055786,-34.951505
5993.0,-8.055786,-34.951505
5994.0,-8.055786,-34.951505
5998.0,-8.055786,-34.951505
6004.0,-8.055786,-34.951505
6005.0,-8.055786,-34.951505
6008.0,-8.055786,-34.951505
6010.0,-8.055786,-34.951505
6014.0,-8.055786,-34.951505
6017.0,-8.055786,-34.951505
6025.0,-8.055786,-34.951505
6027.0,-8.055786,-34.951505
6029.0,-8.055786,-34.951505
6032.0,-8.055786,-34.951505
6033.0,-8.055786,-34.951505
6037.0,-8.055786,-34.951505
6039.0,-8.055786,-34.951505
6043.0,-8.055786,-34.951505
6051.0,-8.055786,-34.951505
6053.0,-8.055786,-34.951505
6054.0,-8.055786,-34.951505
6056.0,-8.055786,-34.951505
6061.0,-8.055786,-34.951505
6062.0,-8.055786,-34.951505
6064.0,-8.055786,-34.951505
6066.0,-8.055786,-34.951505
6072.0,-8.055786,-34.951505
6073.0,-8.055786,-34.951505
6076.0,-8.055786,-34.951505
6080.0,-8.055786,-34.951505
6085.0,-8.055786,-34.951505
6088.0,-8.055786,-34.951505
6100.0,-8.055786,-34.951505
6101.0,-8.055786,-34.951505
6108.0,-8.055786,-34.951505
6111.0,-8.055786,-34.951505
6113.0,-8.055786,-34.951505
6119.0,-8.055786,-34.951505
6123.0,-8.055786,-34.951505
6128.0,-8.055786,-34.951505
6134.0,-8.055786,-34.951505
6137.0,-8.055786,-34.951505
6146.0,-8.055786,-34.951505
6147.0,-8.055786,-34.951505
6148.0,-8.055786,-34.951505
6151.0,-8.055786,-34.951505
6153.0,-8.055786,-34.951505
6156.0,-8.055786,-34.951505
6160.0,-8.055786,-34.951505
6161.0,-8.055786,-34.951505
6169.0,-8.055786,-34.951505
6176.0,-8.055786,-34.951505
6178.0,-8.055786,-34.951505
6180.0,-8.055786,-34.951505
6182.0,-8.055786,-34.951505
6189.0,-8.055786,-34.951505
6192.0,-8.055786,-34.951505
6193.0,-8.055786,-34.951505
6194.0,-8.055786,-34.951505
6199.0,-8.055786,-34.951505
6202.0,-8.055786,-34.951505
6205.0,-8.055786,-34.951505
6211.0,-8.055786,-34.951505
6214.0,-8.055786,-34.951505
6215.0,-8.055786,-34.951505
6223.0,-8.055786,-34.951505
6231.0,-8.055786,-34.951505
6237.0,-8.055786,-34.951505
6239.0,-8.055786,-34.951505
6240.0,-8.055786,-34.951505
6244.0,-8.055786,-34.951505
6250.0,-8.055786,-34.951505
6258.0,-8.055786,-34.951505
6261.0,-8.055786,-34.951505
6263.0,-8.055786,-34.951505
6266.0,-8.055786,-34.951505
6275.0,-8.055786,-34.951505
6277.0,-8.055786,-34.951505
6289.0,-8.055786,-34.951505
6290.0,-8.055786,-34.951505
6291.0,-8.055786,-34.951505
6300.0,-8.055786,-34.951505
6301.0,-8.055786,-34.951505
6307.0,-8.055786,-34.951505
6309.0,-8.055786,-34.951505
6314.0,-8.055786,-34.951505
6321.0,-8.055786,-34.951505
6322.0,-8.055786,-34.951505
6323.0,-8.055786,-34.951505
6338.0,-8.055786,-34.951505
6343.0,-8.055786,-34.951505
6348.0,-8.055786,-34.951505
6351.0,-8.055786,-34.951505
6355.0,-8.055786,-34.951505
6358.0,-8.055786,-34.951505
6360.0,-8.055786,-34.951505
6363.0,-8.055786,-34.951505
6364.0,-8.055786,-34.951505
6365.0,-8.055786,-34.951505
6377.0,-8.055786,-34.951505
6378.0,-8.055786,-34.951505
6382.0,-8.055786,-34.951505
6383.0,-8.055786,-34.951505
6384.0,-8.055786,-34.951505
6389.0,-8.055786,-34.951505
6390.0,-8.055786,-34.951505
6391.0,-8.055786,-34.951505
6395.0,-8.055786,-34.951505
6398.0,-8.055786,-34.951505
6399.0,-8.055786,-34.951505
6400.0,-8.055786,-34.951505
6401.0,-8.055786,-34.951505
6407.0,-8.055786,-34.951505
6419.0,-8.055786,-34.951505
6423.0,-8.055786,-34.951505
6424.0,-8.055786,-34.951505
6425.0,-8.055786,-34.951505
6426.0,-8.055786,-34.951505
6427.0,-8.055786,-34.951505
6435.0,-8.055786,-34.951505
6436.0,-8.055786,-34.951505
6437.0,-8.055786,-34.951505
6440.0,-8.055786,-34.951505
6442.0,-8.055786,-34.951505
6451.0,-8.055786,-34.951505
6452.0,-8.055786,-34.951505
6458.0,-8.055786,-34.951505
6462.0,-8.055786,-34.951505
6463.0,-8.055786,-34.951505
6464.0,-8.055786,-34.951505
6465.0,-8.055786,-34.951505
6466.0,-8.055786,-34.951505
6472.0,-8.055786,-34.951505
6473.0,-8.055786,-34.951505
6474.0,-8.055786,-34.951505
6475.0,-8.055786,-34.951505
6495.0,-8.055786,-34.951505
6497.0,-8.055786,-34.951505
6498.0,-8.055786,-34.951505
6507.0,-8.055786,-34.951505
6508.0,-8.055786,-34.951505
6512.0,-8.055786,-34.951505
6515.0,-8.055786,-34.951505
6516.0,-8.055786,-34.951505
6517.0,-8.055786,-34.951505
6520.0,-8.055786,-34.951505
6523.0,-8.055786,-34.951505
6533.0,-8.055786,-34.951505
6535.0,-8.055786,-34.951505
6538.0,-8.055786,-34.951505
6539.0,-8.055786,-34.951505
6545.0,-8.055786,-34.951505
6550.0,-8.055786,-34.951505
6555.0,-8.055786,-34.951505
6559.0,-8.055786,-34.951505
6560.0,-8.055786,-34.951505
6561.0,-8.055786,-34.951505
6564.0,-8.055786,-34.951505
6567.0,-8.055786,-34.951505
6571.0,-8.055786,-34.951505
6580.0,-8.055786,-34.951505
6583.0,-8.055786,-34.951505
6584.0,-8.055786,-34.951505
6586.0,-8.055786,-34.951505
6589.0,-8.055786,-34.951505
6594.0,-8.055786,-34.951505
6597.0,-8.055786,-34.951505
6601.0,-8.055786,-34.951505
6611.0,-8.055786,-34.951505
6615.0,-8.05935,-34.946416666666664
6618.0,-8.05935,-34.946416666666664
6622.0,-8.059063333333333,-34.947363333333335
6623.0,-8.057429999999998,-34.946506666666664
6624.0,-8.05847,-34.94635
6625.0,-8.059306666666666,-34.94654666666666
6632.0,-8.059253333333332,-34.94715333333334
6646.0,-8.05924,-34.947203333333334
6649.0,-8.059213333333332,-34.94728666666667
6650.0,-8.059143333333333,-34.94708
6651.0,-8.058929999999998,-34.94824666666667
6653.0,-8.058656666666666,-34.94631
6658.0,-8.05844,-34.949866666666665
6660.0,-8.058293333333333,-34.950363333333335
6663.0,-8.05812,-34.949016666666665
6664.0,-8.057636666666665,-34.949706666666664
6666.0,-8.058950000000001,-34.94818333333333
6669.0,-8.058676666666665,-34.94911333333334
6673.0,-8.057646666666667,-34.94963333333334
6676.0,-8.058656666666666,-34.94918666666667
6685.0,-8.057176666666665,-34.950696666666666
6687.0,-8.057293333333334,-34.95083666666667
6688.0,-8.05861,-34.949333333333335
6689.0,-8.057646666666665,-34.94968333333333
6690.0,-8.05862,-34.949290000000005
6691.0,-8.057403333333333,-34.95326333333333
6692.0,-8.05861,-34.949333333333335
6693.0,-8.057966666666667,-34.94900333333333
6698.0,-8.058593333333333,-34.949373333333334
6703.0,-8.057776666666667,-34.952063333333335
6705.0,-8.058593333333333,-34.949373333333334
6708.0,-8.058266666666666,-34.95044
6713.0,-8.055386666666665,-34.94724
6715.0,-8.058593333333333,-34.949373333333334
6716.0,-8.057983333333334,-34.95138
6718.0,-8.0588,-34.94868666666667
6720.0,-8.057776666666667,-34.952063333333335
6723.0,-8.0578,-34.95197666666667
6727.0,-8.056933333333333,-34.952040000000004
6728.0,-8.057776666666667,-34.952063333333335
6729.0,-8.05792,-34.95159
6733.0,-8.058123333333333,-34.95093
6734.0,-8.057686666666667,-34.95234333333334
6742.0,-8.056683333333334,-34.9527
6743.0,-8.05739,-34.953300000000006
6745.0,-8.056336666666668,-34.953676666666674
6746.0,-8.056643333333334,-34.94655
6750.0,-8.055543333333334,-34.95457666666667
6754.0,-8.056696666666666,-34.954679999999996
6755.0,-8.057139999999999,-34.95413666666666
6757.0,-8.054526666666668,-34.953786666666666
6758.0,-8.054716666666666,-34.953426666666665
6763.0,-8.056553333333333,-34.95513
6769.0,-8.05665,-34.95572000000001
6771.0,-8.05668,-34.955423333333336
6773.0,-8.056659999999999,-34.95568666666667
6774.0,-8.056573333333333,-34.95514
6775.0,-8.056663333333335,-34.95525666666666
6779.0,-8.056663333333333,-34.95525
6784.0,-8.056573333333333,-34.95514
6789.0,-8.056606666666667,-34.955216666666665
6792.0,-8.056343333333333,-34.95507666666666
6796.0,-8.056456666666667,-34.955090000000006
6811.0,-8.05646,-34.95068
6814.0,-8.05614,-34.950653333333335
6820.0,-8.05635,-34.95073
6822.0,-8.05631,-34.94791333333333
6827.0,-8.056310000000002,-34.9569
6829.0,-8.05621,-34.95066333333333
6835.0,-8.056510000000001,-34.955616666666664
6842.0,-8.05728,-34.949450000000006
6849.0,-8.05655,-34.95511
6851.0,-8.054573333333334,-34.950646666666664
6854.0,-8.056073333333332,-34.95693333333333
6855.0,-8.055653333333334,-34.95037
6856.0,-8.05613,-34.95066
6857.0,-8.056326666666667,-34.956673333333335
6860.0,-8.05615,-34.95742333333333
6861.0,-8.056206666666666,-34.95070333333334
6862.0,-8.056073333333332,-34.95503666666667
6864.0,-8.056173333333334,-34.95081
6865.0,-8.05615,-34.95742333333334
6866.0,-8.056363333333335,-34.956649999999996
6871.0,-8.05616,-34.95076333333333
6872.0,-8.055923333333332,-34.95071333333334
6880.0,-8.055959999999999,-34.95063666666667
6883.0,-8.055943333333333,-34.956403333333334
6884.0,-8.05798,-34.94827
6888.0,-8.05631,-34.95688333333333
6890.0,-8.055886666666666,-34.95717
6896.0,-8.056363333333334,-34.95507666666666
6899.0,-8.056013333333333,-34.9564
6908.0,-8.055863333333335,-34.95816
6909.0,-8.05594,-34.95503
6912.0,-8.055796666666666,-34.95827333333333
6913.0,-8.055753333333334,-34.958146666666664
6916.0,-8.055796666666666,-34.95827333333333
6922.0,-8.05587,-34.958173333333335
6923.0,-8.05594,-34.95503
6927.0,-8.055396666666667,-34.95384
6929.0,-8.055843333333334,-34.95829
6932.0,-8.05557,-34.95618666666667
6934.0,-8.055846666666667,-34.94654666666667
6935.0,-8.054459999999999,-34.95901
6940.0,-8.055676666666669,-34.95889333333333
6950.0,-8.055653333333334,-34.95834333333334
6953.0,-8.055633333333333,-34.958149999999996
6954.0,-8.055636666666667,-34.958949999999994
6955.0,-8.055673333333333,-34.954836666666665
6957.0,-8.056186666666667,-34.95067333333333
6962.0,-8.055686666666666,-34.958999999999996
6963.0,-8.05568,-34.95896
6964.0,-8.055666666666665,-34.95496333333333
6967.0,-8.05565,-34.958956666666666
6969.0,-8.055713333333332,-34.95498333333333
6975.0,-8.055566666666667,-34.956250000000004
6977.0,-8.055626666666667,-34.95493666666666
6978.0,-8.055643333333334,-34.95496333333333
6983.0,-8.055723333333333,-34.950716666666665
6992.0,-8.051773333333333,-34.95964333333333
6994.0,-8.055603333333336,-34.95538
7007.0,-8.055633333333333,-34.95435
7008.0,-8.055656666666666,-34.954
7016.0,-8.05562,-34.95389666666667
7017.0,-8.055633333333333,-34.953873333333334
7019.0,-8.055606666666666,-34.95379333333333
7020.0,-8.056406666666668,-34.955086666666666
7021.0,-8.0556,-34.95478666666667
7024.0,-8.0556,-34.95425666666667
7038.0,-8.055636666666665,-34.95404
7039.0,-8.05565,-34.9539
7040.0,-8.055546666666666,-34.95433
7044.0,-8.055636666666667,-34.95429333333334
7046.0,-8.055629999999999,-34.95412
7047.0,-8.055566666666666,-34.95451666666667
7048.0,-8.057753333333332,-34.949823333333335
7049.0,-8.055596666666666,-34.9546
7050.0,-8.05562,-34.95449
7051.0,-8.055623333333331,-34.95441666666667
7058.0,-8.055606666666668,-34.95489
7063.0,-8.055660000000001,-34.950433333333336
7068.0,-8.055579999999999,-34.954860000000004
7072.0,-8.05558,-34.95468666666667
7074.0,-8.05561,-34.95437666666667
7075.0,-8.05554,-34.95799
7078.0,-8.055556666666666,-34.95505333333333
7081.0,-8.055603333333332,-34.954546666666666
7082.0,-8.055586666666667,-34.95459
7087.0,-8.056566666666667,-34.95601666666666
7089.0,-8.055723333333335,-34.954283333333336
7091.0,-8.055549999999998,-34.95473333333333
7092.0,-8.055579999999999,-34.95468666666667
7093.0,-8.055533333333335,-34.95374
7094.0,-8.05556,-34.95462666666668
7095.0,-8.055486666666667,-34.955333333333336
7104.0,-8.055483333333333,-34.95552333333334
7107.0,-8.05561,-34.95449333333334
7109.0,-8.055576666666667,-34.953943333333335
7116.0,-8.055546666666666,-34.955066666666674
7118.0,-8.055896666666667,-34.95541666666667
7120.0,-8.054196666666668,-34.959070000000004
7122.0,-8.0555,-34.95565333333334
7131.0,-8.05621,-34.950750000000006
7134.0,-8.0555,-34.95565333333334
7135.0,-8.055473333333333,-34.95563333333334
7136.0,-8.055473333333333,-34.95563333333334
7144.0,-8.055459999999998,-34.95557
7146.0,-8.055459999999998,-34.956093333333335
7149.0,-8.055466666666666,-34.95547333333334
7150.0,-8.055486666666667,-34.955436666666664
7152.0,-8.055909999999999,-34.95089000000001
7153.0,-8.056,-34.95568
7162.0,-8.054303333333333,-34.95901666666666
7171.0,-8.055453333333334,-34.95558666666667
7172.0,-8.055466666666666,-34.95547333333334
7178.0,-8.05545,-34.95565
7182.0,-8.053386666666666,-34.94822
7185.0,-8.055263333333334,-34.95529666666667
7191.0,-8.0557,-34.950493333333334
7199.0,-8.055216666666666,-34.95921666666667
7201.0,-8.055860000000001,-34.955443333333335
7204.0,-8.05543,-34.956160000000004
7205.0,-8.056130000000001,-34.955353333333335
7210.0,-8.054866666666667,-34.95364333333333
7211.0,-8.05298,-34.948546666666665
7223.0,-8.05541,-34.95616666666667
7228.0,-8.05541,-34.956156666666665
7233.0,-8.056436666666666,-34.95527666666667
7234.0,-8.055259999999999,-34.953673333333334
7238.0,-8.055346666666667,-34.95053333333333
7249.0,-8.05509,-34.95371333333333
7250.0,-8.055536666666667,-34.95413666666666
7252.0,-8.055333333333333,-34.951006666666665
7254.0,-8.055376666666666,-34.950693333333334
7262.0,-8.05532,-34.950426666666665
7263.0,-8.055593333333334,-34.95907666666667
7267.0,-8.05755,-34.949733333333334
7269.0,-8.05597,-34.955503333333326
7275.0,-8.055846666666667,-34.94654666666667
7279.0,-8.05523,-34.95031
7282.0,-8.055336666666667,-34.9537
7283.0,-8.055353333333334,-34.95096
7290.0,-8.055636666666667,-34.958949999999994
7293.0,-8.055396666666667,-34.95077333333333
7299.0,-8.055316666666668,-34.95361
7301.0,-8.054903333333332,-34.95019
7304.0,-8.052003333333333,-34.95531
7305.0,-8.054813333333334,-34.95296
7307.0,-8.055836666666666,-34.952333333333335
7310.0,-8.05522,-34.952
7313.0,-8.05519,-34.952346666666664
7322.0,-8.055196666666667,-34.95225666666666
7323.0,-8.05457,-34.95364333333333
7325.0,-8.055196666666667,-34.953456666666675
7333.0,-8.054826666666667,-34.95932
7335.0,-8.05533,-34.95355333333333
7346.0,-8.05516,-34.953336666666665
7348.0,-8.055203333333333,-34.953003333333335
7359.0,-8.055466666666666,-34.95063
7363.0,-8.05512,-34.95287
7365.0,-8.05525,-34.95365
7375.0,-8.05542,-34.95614666666666
7378.0,-8.055143333333334,-34.95323666666666
7381.0,-8.055376666666666,-34.95071
7382.0,-8.054903333333334,-34.957809999999995
7384.0,-8.05495,-34.95929666666667
7387.0,-8.055023333333333,-34.95784333333334
7391.0,-8.055116666666667,-34.953450000000004
7395.0,-8.055386666666665,-34.95063666666667
7399.0,-8.055376666666668,-34.95626666666667
7402.0,-8.056206666666666,-34.95070333333333
7407.0,-8.054716666666666,-34.959340000000005
7413.0,-8.054453333333333,-34.95600666666667
7415.0,-8.054646666666667,-34.95937
7417.0,-8.054453333333333,-34.956006666666674
7423.0,-8.054413333333335,-34.95603
7425.0,-8.05433,-34.95384000000001
7428.0,-8.054796666666666,-34.95932
7434.0,-8.05455,-34.95365666666667
7435.0,-8.054693333333335,-34.95775666666667
7441.0,-8.05463,-34.95937333333334
7442.0,-8.054593333333331,-34.953630000000004
7444.0,-8.055913333333335,-34.95063666666667
7453.0,-8.053156666666666,-34.94725666666667
7463.0,-8.054546666666667,-34.956073333333336
7465.0,-8.055146666666667,-34.94996333333333
7466.0,-8.054253333333333,-34.95760666666667
7468.0,-8.054546666666667,-34.95607333333333
7487.0,-8.054263333333333,-34.95621333333333
7488.0,-8.054493333333333,-34.953603333333334
7498.0,-8.054253333333333,-34.95688333333333
7499.0,-8.054403333333333,-34.956320000000005
7501.0,-8.054683333333333,-34.95373
7505.0,-8.05427,-34.95652
7507.0,-8.054396666666667,-34.95634666666666
7510.0,-8.05427,-34.95652
7515.0,-8.054396666666667,-34.95634666666666
7516.0,-8.054513333333334,-34.953813333333336
7517.0,-8.054553333333333,-34.95361
7521.0,-8.054366666666667,-34.95400333333334
7523.0,-8.0543,-34.95765
7524.0,-8.054396666666667,-34.95634666666666
7530.0,-8.054276666666667,-34.95373
7531.0,-8.054343333333334,-34.95652333333334
7532.0,-8.054343333333334,-34.95652333333334
7535.0,-8.054096666666666,-34.95950666666667
7542.0,-8.054526666666668,-34.953786666666666
7544.0,-8.054343333333334,-34.95652333333334
7552.0,-8.05475,-34.953633333333336
7557.0,-8.054243333333334,-34.95947666666667
7567.0,-8.054216666666667,-34.95702666666667
7568.0,-8.054606666666666,-34.953943333333335
7569.0,-8.05428,-34.94944666666667
7580.0,-8.054406666666667,-34.95943
7583.0,-8.05448,-34.95388333333333
7584.0,-8.05377,-34.95682
7588.0,-8.054016666666667,-34.9569
7589.0,-8.054933333333333,-34.94981333333334
7591.0,-8.054256666666667,-34.957636666666666
7598.0,-8.054110000000001,-34.95952666666667
7600.0,-8.054253333333333,-34.95760666666667
7603.0,-8.054026666666667,-34.94897
7606.0,-8.054160000000001,-34.949376666666666
7607.0,-8.057216666666667,-34.950853333333335
7608.0,-8.05451,-34.94967666666667
7609.0,-8.053936666666667,-34.95956666666667
7615.0,-8.055436666666667,-34.95050333333333
7618.0,-8.05447,-34.94983666666666
7619.0,-8.05192,-34.948186666666665
7620.0,-8.054796666666666,-34.94906
7628.0,-8.052736666666668,-34.948973333333335
7632.0,-8.054926666666667,-34.950300000000006
7635.0,-8.053966666666668,-34.959543333333336
7637.0,-8.05456,-34.95047333333333
7639.0,-8.054276666666667,-34.95679
7645.0,-8.053266666666666,-34.95897
7647.0,-8.05357,-34.953660000000006
7649.0,-8.053113333333334,-34.949063333333335
7650.0,-8.05473,-34.94993
7655.0,-8.053980000000001,-34.95956666666667
7656.0,-8.05561,-34.951
7658.0,-8.05453,-34.949106666666665
7660.0,-8.05476,-34.950300000000006
7663.0,-8.053833333333335,-34.94826
7665.0,-8.054026666666667,-34.95653
7671.0,-8.05412,-34.94650666666667
7675.0,-8.051603333333333,-34.95326666666667
7680.0,-8.053523333333333,-34.948739999999994
7681.0,-8.053880000000001,-34.95616
7682.0,-8.053506666666665,-34.94880666666666
7690.0,-8.052536666666667,-34.948456666666665
7692.0,-8.053573333333333,-34.94882666666667
7695.0,-8.053593333333334,-34.94891666666666
7700.0,-8.05414,-34.94941
7702.0,-8.053546666666668,-34.94858
7706.0,-8.053213333333334,-34.94699666666667
7708.0,-8.053573333333334,-34.948906666666666
7710.0,-8.050133333333333,-34.95048666666667
7717.0,-8.053156666666666,-34.94839666666667
7722.0,-8.053573333333334,-34.948566666666665
7724.0,-8.050516666666667,-34.953660000000006
7726.0,-8.053513333333333,-34.949023333333336
7731.0,-8.053326666666667,-34.95971333333333
7732.0,-8.05286,-34.948546666666665
7745.0,-8.05341,-34.94878333333333
7747.0,-8.054216666666667,-34.94907666666666
7748.0,-8.053123333333334,-34.94864333333334
7749.0,-8.053383333333334,-34.947
7751.0,-8.052306666666667,-34.94859333333334
7754.0,-8.052673333333333,-34.95353666666667
7755.0,-8.052306666666667,-34.94859333333333
7756.0,-8.053053333333333,-34.94876
7758.0,-8.053256666666668,-34.94882666666667
7762.0,-8.053899999999999,-34.95697666666667
7764.0,-8.052623333333331,-34.9484
7768.0,-8.05303,-34.959743333333336
7770.0,-8.053133333333333,-34.948726666666666
7772.0,-8.053103333333334,-34.948753333333336
7774.0,-8.053303333333334,-34.95971666666667
7778.0,-8.052859999999999,-34.95568333333333
7780.0,-8.05303,-34.959743333333336
7791.0,-8.053056666666668,-34.95374666666667
7792.0,-8.05316,-34.948840000000004
7793.0,-8.053283333333335,-34.959720000000004
7796.0,-8.052713333333331,-34.94698666666667
7797.0,-8.053313333333334,-34.95970666666667
7798.0,-8.050813333333332,-34.95484666666667
7799.0,-8.052986666666667,-34.95365
7800.0,-8.05223,-34.94816333333333
7807.0,-8.052669999999999,-34.94635666666667
7814.0,-8.052886666666666,-34.95381666666666
7819.0,-8.052853333333333,-34.9536
7821.0,-8.052806666666667,-34.95558666666667
7823.0,-8.052966666666666,-34.95367
7824.0,-8.05286,-34.953520000000005
7826.0,-8.052786666666668,-34.94629666666667
7828.0,-8.052703333333332,-34.955513333333336
7829.0,-8.052753333333333,-34.955553333333334
7838.0,-8.052896666666667,-34.95371
7853.0,-8.052696666666668,-34.95552
7859.0,-8.052843333333334,-34.95371666666667
7864.0,-8.05284,-34.953543333333336
7868.0,-8.052513333333332,-34.95612333333333
7871.0,-8.052486666666667,-34.946343333333324
7874.0,-8.052106666666667,-34.946463333333334
7875.0,-8.051893333333334,-34.94670333333334
7876.0,-8.051989999999998,-34.94789666666667
7877.0,-8.052323333333334,-34.94629666666666
7881.0,-8.052893333333333,-34.953516666666665
7882.0,-8.052083333333334,-34.947160000000004
7884.0,-8.052719999999999,-34.95578
7889.0,-8.052416666666666,-34.94699
7893.0,-8.052669999999999,-34.94846666666667
7894.0,-8.052589999999999,-34.95602
7897.0,-8.052206666666669,-34.94812666666667
7898.0,-8.05278,-34.94861666666666
7899.0,-8.051996666666668,-34.94759333333334
7903.0,-8.052333333333335,-34.95574
7909.0,-8.05224,-34.94659333333333
7913.0,-8.053030000000001,-34.94876
7918.0,-8.052306666666665,-34.956496666666666
7919.0,-8.053216666666666,-34.95566333333334
7921.0,-8.051989999999998,-34.94667666666666
7924.0,-8.052426666666667,-34.9598
7925.0,-8.052613333333333,-34.95337333333333
7927.0,-8.052323333333334,-34.948373333333336
7928.0,-8.05308,-34.95654
7936.0,-8.052383333333333,-34.946793333333325
7938.0,-8.052129999999998,-34.946169999999995
7947.0,-8.052613333333333,-34.95337333333333
7948.0,-8.05048,-34.953556666666664
7951.0,-8.05203,-34.94801666666667
7954.0,-8.052536666666667,-34.948460000000004
7955.0,-8.051730000000001,-34.95765666666667
7957.0,-8.052456666666666,-34.94842666666667
7958.0,-8.05223,-34.946819999999995
7959.0,-8.05137,-34.94683333333333
7963.0,-8.052296666666665,-34.948253333333334
7964.0,-8.052233333333334,-34.94820333333333
7965.0,-8.052143333333333,-34.94732
7969.0,-8.05261,-34.94838333333333
7972.0,-8.051883333333334,-34.948029999999996
7981.0,-8.052226666666668,-34.94779666666667
7986.0,-8.052203333333333,-34.94817333333334
7988.0,-8.052223333333332,-34.94812666666667
8000.0,-8.052273333333334,-34.94814333333334
8001.0,-8.052306666666667,-34.948060000000005
8011.0,-8.052226666666668,-34.94813666666666
8026.0,-8.0522,-34.94756666666667
8027.0,-8.05221,-34.94768
8028.0,-8.052103333333333,-34.94770666666667
8029.0,-8.052083333333334,-34.94769666666667
8039.0,-8.05223,-34.94815666666667
8046.0,-8.05232,-34.955713333333335
8047.0,-8.052169999999998,-34.948193333333336
8051.0,-8.052203333333333,-34.94811
8059.0,-8.052266666666666,-34.948303333333335
8061.0,-8.052266666666666,-34.948303333333335
8066.0,-8.052056666666667,-34.95533
8067.0,-8.05286,-34.948663333333336
8068.0,-8.052190000000001,-34.94866
8069.0,-8.05275,-34.948206666666664
8077.0,-8.051723333333333,-34.946133333333336
8080.0,-8.053006666666667,-34.94876333333334
8085.0,-8.052246666666667,-34.95981
8097.0,-8.051966666666667,-34.957100000000004
8105.0,-8.0515,-34.95039333333333
8106.0,-8.051516666666666,-34.95043
8107.0,-8.052236666666667,-34.94712333333334
8108.0,-8.051870000000001,-34.9598
8109.0,-8.051966666666667,-34.957100000000004
8111.0,-8.051540000000001,-34.95091
8121.0,-8.053846666666667,-34.95053333333333
8123.0,-8.05202,-34.94756
8124.0,-8.052056666666667,-34.956896666666665
8125.0,-8.05033,-34.95248333333333
8127.0,-8.051693333333333,-34.952423333333336
8129.0,-8.051886666666668,-34.94805333333333
8131.0,-8.052053333333333,-34.94724333333334
8137.0,-8.052086666666666,-34.94715333333334
8138.0,-8.051899999999998,-34.94784333333333
8142.0,-8.05106,-34.95218333333333
8143.0,-8.051833333333333,-34.94794666666667
8146.0,-8.051893333333334,-34.94656
8148.0,-8.052063333333335,-34.946940000000005
8153.0,-8.051953333333334,-34.94755
8157.0,-8.052066666666667,-34.95687
8158.0,-8.051913333333333,-34.955286666666666
8159.0,-8.051683333333335,-34.95265
8160.0,-8.05172,-34.9523
8168.0,-8.051893333333334,-34.95324
8170.0,-8.05193,-34.947709999999994
8171.0,-8.051966666666665,-34.947480000000006
8180.0,-8.051896666666668,-34.94784000000001
8183.0,-8.051866666666667,-34.955270000000006
8185.0,-8.051886666666666,-34.94794666666667
8186.0,-8.051893333333334,-34.94781
8187.0,-8.051960000000001,-34.94750666666667
8188.0,-8.051953333333334,-34.94755
8193.0,-8.05195,-34.948276666666665
8196.0,-8.051933333333332,-34.95981666666666
8198.0,-8.051883333333334,-34.947853333333335
8200.0,-8.051893333333334,-34.94777666666666
8201.0,-8.051923333333333,-34.947766666666666
8203.0,-8.051966666666667,-34.94757333333334
8205.0,-8.051746666666666,-34.95228
8209.0,-8.051986666666666,-34.947750000000006
8210.0,-8.053009999999999,-34.948703333333334
8214.0,-8.05193,-34.94774666666667
8215.0,-8.05186,-34.9478
8219.0,-8.051896666666668,-34.94784000000001
8221.0,-8.051876666666667,-34.94786666666666
8222.0,-8.051879999999999,-34.947849999999995
8233.0,-8.051966666666667,-34.957100000000004
8236.0,-8.052193333333333,-34.94738
8240.0,-8.052143333333333,-34.94849666666667
8244.0,-8.051966666666667,-34.957100000000004
8247.0,-8.051886666666666,-34.947736666666664
8248.0,-8.05229,-34.94818333333333
8250.0,-8.051903333333334,-34.94865
8254.0,-8.051733333333333,-34.94644333333333
8257.0,-8.051910000000001,-34.94851333333333
8259.0,-8.051630000000001,-34.94771
8263.0,-8.05175,-34.95326
8268.0,-8.052013333333335,-34.948820000000005
8270.0,-8.051910000000001,-34.94851333333333
8272.0,-8.051733333333333,-34.94644333333333
8274.0,-8.051826666666665,-34.95741
8275.0,-8.051896666666666,-34.94880333333333
8277.0,-8.051790000000002,-34.94858
8281.0,-8.051733333333333,-34.949086666666666
8287.0,-8.051863333333333,-34.94892333333333
8289.0,-8.051703333333334,-34.953273333333335
8292.0,-8.052283333333333,-34.94909666666667
8294.0,-8.051730000000001,-34.95765666666667
8299.0,-8.051776666666667,-34.94859
8300.0,-8.05191,-34.94755333333333
8302.0,-8.051246666666668,-34.948370000000004
8316.0,-8.055776666666667,-34.950336666666665
8317.0,-8.05166,-34.94896666666667
8318.0,-8.051683333333335,-34.95981666666666
8323.0,-8.049626666666667,-34.95034666666667
8324.0,-8.052263333333334,-34.94935
8325.0,-8.051473333333332,-34.94968000000001
8330.0,-8.052346666666667,-34.94939
8332.0,-8.053383333333334,-34.95014
8333.0,-8.05247,-34.947493333333334
8334.0,-8.05185,-34.94914666666667
8336.0,-8.051613333333334,-34.95982
8344.0,-8.051073333333333,-34.95049666666667
8346.0,-8.051676666666665,-34.94876666666667
8347.0,-8.052399999999999,-34.949016666666665
8354.0,-8.051926666666667,-34.94953666666667
8362.0,-8.051773333333331,-34.9461
8365.0,-8.05166,-34.95780666666666
8368.0,-8.05138,-34.94822333333334
8370.0,-8.051656666666666,-34.94932666666667
8373.0,-8.051810000000001,-34.94954666666667
8375.0,-8.05157,-34.949976666666664
8377.0,-8.052363333333334,-34.949333333333335
8381.0,-8.050973333333333,-34.94764333333333
8382.0,-8.051163333333333,-34.951366666666665
8383.0,-8.051580000000001,-34.94986
8384.0,-8.051566666666668,-34.95800666666667
8386.0,-8.051603333333333,-34.952283333333334
8388.0,-8.052276666666666,-34.94944666666667
8394.0,-8.051536666666667,-34.95021
8396.0,-8.051499999999999,-34.9597
8398.0,-8.05161,-34.950140000000005
8399.0,-8.051433333333334,-34.94938333333334
8401.0,-8.05139,-34.947720000000004
8403.0,-8.051473333333334,-34.95516333333333
8405.0,-8.051483333333335,-34.95238
8408.0,-8.051036666666667,-34.95059666666666
8412.0,-8.05151,-34.95326
8414.0,-8.05144,-34.95055
8417.0,-8.051466666666668,-34.95045000000001
8418.0,-8.05102,-34.94765
8419.0,-8.050953333333332,-34.94766666666666
8420.0,-8.051436666666666,-34.95832666666667
8421.0,-8.050663333333333,-34.95051
8422.0,-8.051400000000001,-34.95056
8424.0,-8.051493333333333,-34.959826666666665
8426.0,-8.05144,-34.95055
8438.0,-8.050686666666666,-34.952306666666665
8447.0,-8.05165,-34.95521333333333
8450.0,-8.051383333333334,-34.95055
8452.0,-8.051353333333333,-34.958576666666666
8463.0,-8.050953333333332,-34.94766666666666
8465.0,-8.051316666666667,-34.95868333333333
8475.0,-8.051260000000001,-34.950716666666665
8478.0,-8.050973333333333,-34.95135333333334
8481.0,-8.051336666666666,-34.94777
8485.0,-8.051216666666667,-34.95316
8487.0,-8.049726666666666,-34.95192333333333
8490.0,-8.05126,-34.95885333333333
8493.0,-8.052039999999998,-34.94631666666667
8496.0,-8.051703333333334,-34.959826666666665
8499.0,-8.051073333333335,-34.94769333333333
8503.0,-8.05139,-34.95513666666667
8504.0,-8.051116666666667,-34.94771333333333
8505.0,-8.049853333333333,-34.953093333333335
8511.0,-8.055333333333332,-34.951010000000004
8515.0,-8.050446666666666,-34.952459999999995
8516.0,-8.054780000000001,-34.95068333333333
8520.0,-8.05113,-34.953006666666674
8522.0,-8.051316666666667,-34.95209666666667
8525.0,-8.051879999999999,-34.946619999999996
8526.0,-8.051083333333333,-34.95977333333334
8530.0,-8.051073333333333,-34.95311
8532.0,-8.051186666666666,-34.959089999999996
8534.0,-8.05137,-34.95312333333333
8536.0,-8.051216666666667,-34.95316
8538.0,-8.05125,-34.959363333333336
8541.0,-8.05124666666667,-34.95059666666667
8546.0,-8.049923333333334,-34.948389999999996
8547.0,-8.051186666666666,-34.959089999999996
8548.0,-8.050116666666668,-34.95476333333334
8553.0,-8.051879999999999,-34.946619999999996
8557.0,-8.051333333333334,-34.9532
8559.0,-8.051160000000001,-34.947676666666666
8560.0,-8.050543333333332,-34.95486666666667
8566.0,-8.053063333333332,-34.95404
8568.0,-8.050416666666665,-34.95912333333333
8570.0,-8.050396666666666,-34.94956
8587.0,-8.05076,-34.95462666666667
8590.0,-8.051513333333332,-34.95042333333333
8592.0,-8.050996666666668,-34.9532
8603.0,-8.050993333333333,-34.959646666666664
8604.0,-8.051499999999999,-34.95008333333333
8606.0,-8.051,-34.947669999999995
8614.0,-8.050939999999999,-34.959736666666664
8618.0,-8.050733333333334,-34.94715333333334
8620.0,-8.050606666666667,-34.95462
8627.0,-8.05091,-34.959763333333335
8628.0,-8.05023,-34.95312666666667
8629.0,-8.050456666666667,-34.95398666666667
8630.0,-8.05084,-34.95974999999999
8631.0,-8.05104,-34.953210000000006
8640.0,-8.050633333333332,-34.94766333333333
8641.0,-8.052573333333333,-34.95355333333333
8653.0,-8.050510000000001,-34.95315333333334
8655.0,-8.050656666666667,-34.95492333333333
8658.0,-8.049886666666668,-34.954546666666666
8660.0,-8.050373333333333,-34.95348666666667
8664.0,-8.050326666666667,-34.95374666666667
8665.0,-8.049803333333333,-34.953066666666665
8673.0,-8.050656666666667,-34.95317666666667
8674.0,-8.05036,-34.953610000000005
8678.0,-8.051896666666666,-34.955733333333335
8689.0,-8.050473333333333,-34.95417333333333
8690.0,-8.05048,-34.95415666666667
8692.0,-8.050433333333332,-34.94764
8698.0,-8.05283,-34.95371
8699.0,-8.050469999999999,-34.954123333333335
8700.0,-8.050346666666668,-34.95390666666667
8704.0,-8.050410000000001,-34.95484666666667
8706.0,-8.05047,-34.954193333333336
8709.0,-8.05048,-34.954116666666664
8718.0,-8.05044,-34.953673333333334
8722.0,-8.050476666666667,-34.95415
8725.0,-8.051393333333333,-34.953466666666664
8731.0,-8.05041,-34.95484666666667
8732.0,-8.05041,-34.95484666666667
8736.0,-8.051276666666666,-34.94777666666667
8744.0,-8.05041,-34.95484666666667
8745.0,-8.050346666666668,-34.95390666666667
8748.0,-8.0503,-34.95481
8753.0,-8.050346666666666,-34.947630000000004
8758.0,-8.04968,-34.95971666666667
8759.0,-8.05018,-34.953723333333336
8760.0,-8.049750000000001,-34.947473333333335
8768.0,-8.050296666666666,-34.95964333333334
8771.0,-8.050063333333334,-34.954739999999994
8772.0,-8.050406666666666,-34.95532666666667
8774.0,-8.04998,-34.94586666666667
8793.0,-8.05021,-34.95049
8794.0,-8.050006666666667,-34.94754666666666
8796.0,-8.050136666666667,-34.95476
8798.0,-8.050136666666667,-34.95476
8801.0,-8.05016,-34.954769999999996
8804.0,-8.050136666666667,-34.95476
8805.0,-8.050273333333335,-34.95481
8806.0,-8.050006666666667,-34.94754666666666
8817.0,-8.04998,-34.947543333333336
8820.0,-8.049199999999999,-34.94730333333333
8831.0,-8.050503333333333,-34.95429666666667
8833.0,-8.049916666666666,-34.9596
8834.0,-8.050326666666669,-34.952713333333335
8835.0,-8.049963333333332,-34.95310333333333
8845.0,-8.04971,-34.95968666666667
8846.0,-8.049153333333335,-34.95643333333334
8848.0,-8.04972,-34.95466
8851.0,-8.04971,-34.947543333333336
8854.0,-8.049536666666667,-34.947513333333326
8861.0,-8.050256666666666,-34.953129999999994
8863.0,-8.049383333333333,-34.95239
8864.0,-8.049923333333334,-34.95045
8872.0,-8.049446666666666,-34.94738666666667
8873.0,-8.049746666666666,-34.95961666666667
8876.0,-8.049423333333333,-34.952306666666665
8877.0,-8.049643333333334,-34.94757
8878.0,-8.048706666666668,-34.95927
8880.0,-8.04942,-34.9475
8882.0,-8.048796666666666,-34.95199
8883.0,-8.050116666666668,-34.95967666666667
8888.0,-8.04857,-34.947006666666674
8890.0,-8.050526666666666,-34.95829
8891.0,-8.050036666666665,-34.95046333333333
8893.0,-8.049640000000002,-34.95464333333333
8899.0,-8.049666666666667,-34.954663333333336
8903.0,-8.049513333333334,-34.95516666666666
8904.0,-8.049203333333333,-34.94750333333334
8907.0,-8.051263333333333,-34.95138333333333
8909.0,-8.049203333333333,-34.952420000000004
8910.0,-8.049549999999998,-34.95342
8912.0,-8.049520000000001,-34.95326666666667
8915.0,-8.052186666666666,-34.94754
8917.0,-8.049513333333332,-34.95516666666666
8919.0,-8.050553333333333,-34.951663333333336
8933.0,-8.04999,-34.95250333333334
8935.0,-8.049819999999999,-34.95491666666667
8936.0,-8.05031,-34.95289333333333
8938.0,-8.049673333333333,-34.954633333333334
8939.0,-8.049513333333335,-34.950410000000005
8943.0,-8.04951,-34.953453333333336
8950.0,-8.050053333333333,-34.95439
8951.0,-8.049126666666666,-34.95447333333333
8956.0,-8.052226666666668,-34.95372666666666
8961.0,-8.049403333333332,-34.955389999999994
8968.0,-8.0494,-34.95324666666667
8973.0,-8.049223333333334,-34.95619
8974.0,-8.050263333333334,-34.949540000000006
8977.0,-8.049439999999999,-34.95305
8984.0,-8.049259999999999,-34.947363333333335
8986.0,-8.049216666666666,-34.95619666666666
8990.0,-8.04998,-34.94586666666667
8992.0,-8.04981,-34.95309
9003.0,-8.049026666666668,-34.95688333333334
9004.0,-8.04925,-34.953026666666666
9012.0,-8.049356666666666,-34.959790000000005
9017.0,-8.049053333333333,-34.947313333333334
9018.0,-8.049166666666666,-34.95976666666667
9027.0,-8.048903333333334,-34.95276333333333
9030.0,-8.0509,-34.95142
9034.0,-8.049476666666665,-34.945769999999996
9037.0,-8.049473333333333,-34.95505333333333
9038.0,-8.048566666666668,-34.95123
9039.0,-8.048926666666667,-34.94732333333334
9040.0,-8.048983333333332,-34.95703666666666
9043.0,-8.048943333333334,-34.95972666666667
9046.0,-8.051723333333333,-34.9501
9055.0,-8.04876,-34.959673333333335
9058.0,-8.048923333333333,-34.945660000000004
9061.0,-8.04891,-34.94701666666666
9068.0,-8.048713333333332,-34.959666666666664
9071.0,-8.048933333333332,-34.957233333333335
9081.0,-8.048933333333332,-34.94714
9082.0,-8.04891,-34.94701666666666
9090.0,-8.048676666666665,-34.95273
9097.0,-8.049343333333333,-34.957906666666666
9099.0,-8.048636666666667,-34.95059666666667
9100.0,-8.0486,-34.94696
9101.0,-8.048626666666667,-34.95277333333333
9105.0,-8.048713333333334,-34.94698333333333
9108.0,-8.04873,-34.954366666666665
9109.0,-8.048736666666668,-34.950493333333334
9111.0,-8.048346666666667,-34.95947
9113.0,-8.04877,-34.952956666666665
9118.0,-8.048576666666667,-34.94698666666667
9121.0,-8.048933333333332,-34.957216666666675
9127.0,-8.048543333333333,-34.95072666666667
9129.0,-8.051206666666666,-34.950919999999996
9134.0,-8.04858,-34.95063
9142.0,-8.048353333333333,-34.959023333333334
9144.0,-8.051393333333332,-34.951053333333334
9148.0,-8.048523333333334,-34.95124333333333
9157.0,-8.048886666666666,-34.95162
9162.0,-8.050089999999999,-34.953116666666666
9164.0,-8.049716666666667,-34.95013333333333
9170.0,-8.04872,-34.95253666666667
9171.0,-8.04866,-34.95066333333333
9172.0,-8.04964,-34.95030333333333
9173.0,-8.048546666666667,-34.95079666666667
9184.0,-8.049169999999998,-34.9527
9185.0,-8.050006666666667,-34.95225
9189.0,-8.048556666666665,-34.946963333333336
9190.0,-8.04868,-34.959376666666664
9194.0,-8.04853,-34.95146666666667
9199.0,-8.048513333333334,-34.952506666666665
9205.0,-8.04801,-34.94715666666667
9211.0,-8.04897,-34.95144
9214.0,-8.04994,-34.95227666666667
9218.0,-8.048233333333334,-34.95907
9220.0,-8.049439999999999,-34.953183333333335
9222.0,-8.048353333333333,-34.94696
9223.0,-8.048923333333333,-34.945660000000004
9224.0,-8.048490000000001,-34.95256
9229.0,-8.048596666666667,-34.950693333333334
9230.0,-8.047763333333334,-34.947403333333334
9231.0,-8.04857,-34.95964000000001
9232.0,-8.049086666666668,-34.95914
9235.0,-8.049923333333334,-34.95272666666667
9241.0,-8.048376666666668,-34.95074666666667
9243.0,-8.051716666666666,-34.95517
9245.0,-8.048723333333333,-34.952933333333334
9249.0,-8.047993333333332,-34.954163333333334
9251.0,-8.048490000000001,-34.95256
9252.0,-8.048546666666667,-34.95072666666666
9258.0,-8.048506666666668,-34.95256666666666
9264.0,-8.048516666666666,-34.95202666666667
9266.0,-8.048463333333332,-34.94696666666667
9267.0,-8.048203333333333,-34.959096666666674
9270.0,-8.048783333333333,-34.95919666666667
9273.0,-8.04828,-34.946956666666665
9275.0,-8.048243333333334,-34.95941
9281.0,-8.048006666666668,-34.95055333333334
9290.0,-8.048453333333333,-34.95959333333334
9292.0,-8.048116666666667,-34.95070333333334
9296.0,-8.048316666666667,-34.946940000000005
9299.0,-8.048116666666667,-34.95070333333334
9302.0,-8.048213333333335,-34.959096666666674
9307.0,-8.048383333333334,-34.95932
9311.0,-8.049443333333334,-34.959376666666664
9312.0,-8.048416666666666,-34.950723333333336
9313.0,-8.048323333333334,-34.951143333333334
9315.0,-8.04842,-34.95957000000001
9319.0,-8.048173333333333,-34.95915333333333
9320.0,-8.048283333333334,-34.959039999999995
9321.0,-8.048183333333334,-34.94701333333333
9324.0,-8.048229999999998,-34.95939666666667
9327.0,-8.048783333333335,-34.959196666666664
9328.0,-8.049933333333334,-34.958423333333336
9329.0,-8.047526666666666,-34.95399333333333
9330.0,-8.048536666666665,-34.946973333333325
9334.0,-8.048340000000001,-34.94553333333334
9336.0,-8.047903333333334,-34.947313333333334
9341.0,-8.04815,-34.94707333333333
9346.0,-8.048096666666668,-34.94747
9348.0,-8.048156666666667,-34.947136666666665
9354.0,-8.048116666666667,-34.95070333333334
9362.0,-8.048083333333333,-34.94757666666667
9365.0,-8.047973333333333,-34.94762666666667
9371.0,-8.04797,-34.947586666666666
9372.0,-8.048153333333333,-34.94549
9374.0,-8.047930000000001,-34.94763666666666
9375.0,-8.047646666666667,-34.95065333333333
9376.0,-8.047916666666666,-34.947603333333326
9379.0,-8.047863333333332,-34.94763666666667
9380.0,-8.047893333333333,-34.94763666666667
9384.0,-8.047536666666668,-34.95286666666667
9387.0,-8.047246666666666,-34.95062666666667
9390.0,-8.048266666666668,-34.94551666666667
9391.0,-8.04781,-34.95067666666667
9392.0,-8.047503333333333,-34.947433333333336
9393.0,-8.04774,-34.94761333333334
9394.0,-8.047303333333334,-34.950626666666665
9395.0,-8.04823,-34.95129333333333
9396.0,-8.048026666666667,-34.94762333333333
9402.0,-8.046913333333334,-34.95059666666666
9409.0,-8.047866666666666,-34.947610000000005
9414.0,-8.04777,-34.94760666666667
9419.0,-8.048943333333334,-34.953700000000005
9421.0,-8.047600000000001,-34.94759666666667
9422.0,-8.047893333333333,-34.95068333333333
9423.0,-8.047423333333334,-34.94757666666667
9429.0,-8.047343333333332,-34.95389666666667
9433.0,-8.047893333333333,-34.95068333333333
9434.0,-8.04728,-34.94756666666667
9440.0,-8.047410000000001,-34.94530333333333
9441.0,-8.047633333333334,-34.94736666666667
9448.0,-8.047293333333334,-34.94756666666667
9450.0,-8.047410000000001,-34.945303333333335
9452.0,-8.04775,-34.95408666666667
9453.0,-8.04715,-34.95061666666666
9454.0,-8.04736,-34.94757666666667
9455.0,-8.04734,-34.94757333333333
9459.0,-8.047713333333334,-34.95408
9469.0,-8.047266666666667,-34.94757333333333
9470.0,-8.047573333333332,-34.95333666666667
9471.0,-8.04734,-34.94757333333333
9472.0,-8.047816666666668,-34.95053
9477.0,-8.04733,-34.947563333333335
9481.0,-8.047353333333334,-34.94758
9484.0,-8.048029999999999,-34.94748333333333
9485.0,-8.049243333333331,-34.95453333333334
9491.0,-8.047213333333334,-34.950626666666665
9492.0,-8.047636666666667,-34.94759666666667
9493.0,-8.047413333333333,-34.94757333333334
9494.0,-8.047086666666665,-34.95391
9499.0,-8.046816666666667,-34.945159999999994
9504.0,-8.047600000000001,-34.94759666666667
9513.0,-8.047073333333332,-34.950590000000005
9514.0,-8.04743,-34.94756666666667
9518.0,-8.046943333333333,-34.94757666666667
9519.0,-8.04716,-34.94811000000001
9520.0,-8.047556666666667,-34.9558
9521.0,-8.047396666666666,-34.947786666666666
9536.0,-8.04775,-34.95408666666667
9540.0,-8.046719999999999,-34.945150000000005
9542.0,-8.047003333333334,-34.950320000000005
9543.0,-8.046986666666667,-34.95059333333334
9545.0,-8.04701,-34.94520333333333
9549.0,-8.046826666666668,-34.94516333333333
9552.0,-8.047086666666667,-34.95391
9553.0,-8.046626666666667,-34.945123333333335
9556.0,-8.04712,-34.95061666666666
9558.0,-8.04702,-34.94520333333333
9562.0,-8.04692,-34.94518333333333
9564.0,-8.046616666666667,-34.945123333333335
9566.0,-8.046716666666667,-34.95058
9568.0,-8.047086666666665,-34.95391
9571.0,-8.046916666666666,-34.95059333333334
9575.0,-8.04712,-34.95061333333334
9582.0,-8.046533333333333,-34.94519333333333
9587.0,-8.050503333333333,-34.94671333333334
9590.0,-8.04647,-34.94537333333333
9591.0,-8.046466666666666,-34.945326666666666
9594.0,-8.049403333333332,-34.94774
9601.0,-8.046543333333332,-34.94512
9602.0,-8.046470000000001,-34.94538
9603.0,-8.046533333333334,-34.94519333333333
9604.0,-8.046660000000001,-34.947736666666664
9605.0,-8.047036666666667,-34.94769
9609.0,-8.046456666666666,-34.946216666666665
9613.0,-8.04708,-34.94531666666666
9614.0,-8.046473333333333,-34.94527333333334
9615.0,-8.04651,-34.94520333333333
9616.0,-8.049796666666667,-34.95261
9621.0,-8.046453333333334,-34.94810666666667
9622.0,-8.046453333333334,-34.94806666666667
9627.0,-8.046463333333334,-34.945993333333334
9633.0,-8.046943333333333,-34.94757666666666
9635.0,-8.046439999999999,-34.9467
9637.0,-8.046439999999999,-34.9467
9638.0,-8.046439999999999,-34.9467
9640.0,-8.048496666666667,-34.95362
9641.0,-8.048276666666666,-34.952083333333334
9643.0,-8.046986666666667,-34.95094666666667
9644.0,-8.04696,-34.95068333333334
9645.0,-8.050123333333334,-34.954256666666666
9651.0,-8.046786666666668,-34.95048333333334
9653.0,-8.046666666666667,-34.95037666666666
9664.0,-8.047373333333333,-34.95377333333333
9668.0,-8.048663333333332,-34.95259333333333
9672.0,-8.048313333333333,-34.95264333333333
9674.0,-8.047093333333331,-34.95253333333333
9675.0,-8.04979,-34.95517999999999
9677.0,-8.047226666666667,-34.953889999999994
9678.0,-8.048203333333333,-34.95529666666667
